"tissue","method","circular_mae","circular_cor","n"
"Adr","timetable",0.715277777777778,-0.035452788523442,24
"Aor","timetable",0.663194444444444,0.378740813572484,24
"Bstm","timetable",0.743055555555555,-0.722349081395488,24
"BFat","timetable",0.517361111111111,-0.82679236190569,24
"Cer","timetable",0.895833333333333,0.362166748650392,24
"Hrt","timetable",0.756944444444445,0.507670076456099,24
"Hyp","timetable",0.979166666666666,-0.842940694065492,24
"Kid","timetable",0.583333333333333,0.848508331896627,24
"Liv","timetable",0.975694444444444,0.5416701588691,24
"Lun","timetable",0.600694444444444,0.881976381388395,24
"Mus","timetable",0.611111111111111,0.851348771463807,24
"WFat","timetable",0.743055555555556,-0.879469730289632,24
