"tissue","method","circular_mae","circular_cor","n","n_failed"
"Adr","taufisher",0.65,0.982693463013793,20,4
"Adr","timesignatr",1.03430777063231,0.187721889010606,24,0
"Adr","timetable",0.715277777777778,-0.035452788523442,24,0
"Adr","zeitzeiger",1.00148821363,-0.560025362881684,24,0
"Aor","taufisher",0.45,0.390749828911296,20,4
"Aor","timesignatr",0.840665629876549,0.501951355252757,24,0
"Aor","timetable",0.663194444444444,0.378740813572484,24,0
"Aor","zeitzeiger",0.749542893277861,-0.977640987753308,24,0
"BFat","taufisher",0.55,-0.0741394810596089,20,4
"BFat","timesignatr",0.546631037294439,-0.915459870713495,24,0
"BFat","timetable",0.517361111111111,-0.82679236190569,24,0
"BFat","zeitzeiger",0.79371558967895,0.893493470692346,24,0
"Bstm","taufisher",1.3,0.930612058030945,20,4
"Bstm","timesignatr",0.853273999818068,0.607172112758313,24,0
"Bstm","timetable",0.743055555555555,-0.722349081395488,24,0
"Bstm","zeitzeiger",1.11470532473197,-0.100127056425725,24,0
"Cer","taufisher",1.05,0.508873477941015,20,4
"Cer","timesignatr",0.990267666798325,-0.20721165612755,24,0
"Cer","timetable",0.895833333333333,0.362166748650392,24,0
"Cer","zeitzeiger",0.965769037537578,0.951981530843272,24,0
"Hrt","taufisher",0.95,-0.493289569365768,20,4
"Hrt","timesignatr",0.833585590303089,0.505857115542689,24,0
"Hrt","timetable",0.756944444444445,0.507670076456099,24,0
"Hrt","zeitzeiger",1.107457085707,-0.810226604116778,24,0
"Hyp","taufisher",2.15,0.909895006975867,20,4
"Hyp","timesignatr",0.910705759480251,-0.369310406873498,24,0
"Hyp","timetable",0.979166666666666,-0.842940694065492,24,0
"Hyp","zeitzeiger",1.04900603101531,-0.757601719111776,24,0
"Kid","taufisher",0.9,0.424402345008838,20,4
"Kid","timesignatr",0.519117393818613,-0.540455986933391,24,0
"Kid","timetable",0.583333333333333,0.848508331896627,24,0
"Kid","zeitzeiger",0.835392362825907,0.0365034940270676,24,0
"Liv","taufisher",0.9,0.279936408584528,20,4
"Liv","timesignatr",0.931300192152278,-0.241667261554146,24,0
"Liv","timetable",0.975694444444444,0.5416701588691,24,0
"Liv","zeitzeiger",1.6803013992832,-0.695198840951093,24,0
"Lun","taufisher",0.6,0.497924563876659,20,4
"Lun","timesignatr",0.491603527980271,-0.405247745403177,24,0
"Lun","timetable",0.600694444444444,0.881976381388395,24,0
"Lun","zeitzeiger",0.562291691341696,-0.0874456933603498,24,0
"Mus","taufisher",0.65,0.293118535633938,20,4
"Mus","timesignatr",1.30366152595032,-0.871619423553492,24,0
"Mus","timetable",0.611111111111111,0.851348771463807,24,0
"Mus","zeitzeiger",1.54533034163042,-0.900177713165569,24,0
"WFat","taufisher",0.65,0.852217899264123,20,4
"WFat","timesignatr",0.620892677545836,-0.590937354385813,24,0
"WFat","timetable",0.743055555555556,-0.879469730289632,24,0
"WFat","zeitzeiger",0.994268317313687,0.802099764015985,24,0
