"tissue","sample","fold","truth","phase","phase_lo","phase_hi","amp","error","low_amplitude","coherence"
"Adr","GSM1320991",1,20,20.8333333333333,19.8166666666667,22.8666666666667,3.44661127788386,0.833333333333332,FALSE,0.278617711169941
"Adr","GSM1320992",1,22,22.75,21.4166666666667,23.85,4.16671634090479,0.75,FALSE,0.579855466053001
"Adr","GSM1321002",1,18,17.75,16.75,19.25,4.03815801994572,0.25,FALSE,0.55422590743421
"Adr","GSM1321010",1,10,11.1666666666667,9.41666666666667,12.675,5.04036774434312,1.16666666666667,FALSE,0.514230368186342
"Adr","GSM1320993",2,0,0.25,22.9,1.51666666666666,3.16970126807393,0.25,FALSE,0.384053056169257
"Adr","GSM1320995",2,4,3.41666666666667,2.15,4.68333333333333,3.25423663098469,0.583333333333333,FALSE,0.684589674825394
"Adr","GSM1321008",2,6,6.41666666666667,5.075,7.925,3.83177077107183,0.416666666666666,FALSE,0.660526153223959
"Adr","GSM1321009",2,8,8.25,7,10.025,5.07124412305049,0.25,FALSE,0.754252369137351
"Adr","GSM1321004",3,22,21.0833333333333,20.075,22.175,4.25175878785299,0.916666666666668,FALSE,0.706156383313265
"Adr","GSM1321005",3,0,23.5833333333333,21.75,0.599999999999998,3.95639746577912,0.416666666666668,FALSE,0.370955718166049
"Adr","GSM1321011",3,12,12.9166666666667,11.8,14.0916666666667,1.0330956949388,0.916666666666666,TRUE,0.378492440694078
"Adr","GSM1321012",3,14,15.5,14,16.9333333333333,2.53558945476583,1.5,TRUE,0.549328907149548
"Adr","GSM1320990",4,18,16.9166666666667,16,18.1,2.79344789337378,1.08333333333334,TRUE,0.530030039857329
"Adr","GSM1320997",4,8,7.66666666666667,6.575,8.84166666666667,4.7562397492053,0.333333333333334,FALSE,0.768858747001903
"Adr","GSM1320999",4,12,10.3333333333333,9.08333333333333,11.675,4.46947796816067,1.66666666666667,FALSE,0.616332733033121
"Adr","GSM1321000",4,14,12.9166666666667,11.65,14.5,3.293032690196,1.08333333333333,FALSE,0.513256904195228
"Adr","GSM1320994",5,2,1.83333333333333,1.06666666666667,2.91666666666667,3.02861227903825,0.166666666666667,FALSE,0.521803233841573
"Adr","GSM1320998",5,10,10.1666666666667,9.325,11.925,4.88293955600698,0.166666666666666,FALSE,0.355579224825946
"Adr","GSM1321003",5,20,19.6666666666667,18.325,20.6916666666667,3.67488773059344,0.333333333333336,FALSE,0.725551960904158
"Adr","GSM1321007",5,4,4.83333333333333,3.49166666666666,6.2,2.61115937617069,0.833333333333333,TRUE,0.680073395507927
"Adr","GSM1320996",6,6,5.08333333333333,4.4,6.33333333333333,2.66269105449638,0.916666666666667,TRUE,0.485423395866546
"Adr","GSM1321001",6,16,15.8333333333333,14.1666666666667,16.925,2.57628159995099,0.166666666666668,TRUE,0.0384082012671181
"Adr","GSM1321006",6,2,1.16666666666667,0.0750000000000002,2.51666666666667,4.23765286445854,0.833333333333333,FALSE,0.395059417409901
"Adr","GSM1321013",6,16,17.3333333333333,15.6666666666667,18.95,2.6470809956188,1.33333333333333,TRUE,0.387903338993671
"Aor","GSM1321015",1,20,20.3333333333333,19.1666666666667,23.3416666666667,3.32251078089806,0.333333333333332,FALSE,-0.373892706111758
"Aor","GSM1321016",1,22,22.8333333333333,21.15,0.174999999999997,4.11867155692047,0.833333333333332,FALSE,0.602611236508879
"Aor","GSM1321026",1,18,17.75,16.3083333333333,18.7666666666667,2.18343523714543,0.25,TRUE,0.53483247666993
"Aor","GSM1321034",1,10,10.5833333333333,9.54166666666666,12.25,4.60328986555026,0.583333333333332,FALSE,0.685147378949954
"Aor","GSM1321017",2,0,0.0833333333333333,22.6333333333333,1.25833333333333,4.81763356635712,0.0833333333333333,FALSE,0.585577228253841
"Aor","GSM1321019",2,4,3.66666666666667,2.25,4.6,3.54440721373877,0.333333333333333,FALSE,0.679187002926952
"Aor","GSM1321032",2,6,6.91666666666667,5.5,8.25833333333333,3.25825391123664,0.916666666666666,FALSE,0.640398847995921
"Aor","GSM1321033",2,8,9,7.81666666666666,11.5,4.21322977774578,1,FALSE,0.566952746583807
"Aor","GSM1321028",3,22,20.75,19.6666666666667,21.75,4.08398096165295,1.25,FALSE,0.471209903060159
"Aor","GSM1321029",3,0,23.6666666666667,22.25,1.175,3.73367532109859,0.333333333333336,FALSE,0.353326007547593
"Aor","GSM1321035",3,12,12.3333333333333,11.075,13.5333333333333,4.56922437493882,0.333333333333332,FALSE,0.488254431708982
"Aor","GSM1321036",3,14,15.0833333333333,13.65,16.5,2.4408492916754,1.08333333333333,TRUE,0.684936775149228
"Aor","GSM1321014",4,18,17.5833333333333,16.575,18.675,2.15378232966602,0.416666666666668,TRUE,0.675733354268048
"Aor","GSM1321021",4,8,8,6.825,9.41666666666666,3.93387713045895,0,FALSE,0.722161350555637
"Aor","GSM1321023",4,12,11.25,10.2416666666667,12.4333333333333,4.87909152336918,0.75,FALSE,0.683619309256677
"Aor","GSM1321024",4,14,13.1666666666667,11.825,14.7666666666667,3.80926550212136,0.833333333333334,FALSE,0.601306565410282
"Aor","GSM1321018",5,2,2,1.14166666666667,3.25833333333333,3.85418222415012,0,FALSE,0.399327262103375
"Aor","GSM1321022",5,10,9,7.98333333333333,10.8416666666667,3.94425609274894,1,FALSE,0.552784694605689
"Aor","GSM1321027",5,20,20.4166666666667,19.075,21.5166666666667,3.56001302450056,0.416666666666664,FALSE,0.669253946221505
"Aor","GSM1321031",5,4,4.91666666666667,3.575,6.83333333333333,2.48127869208976,0.916666666666666,TRUE,0.640063026249223
"Aor","GSM1321020",6,6,5,4.15833333333333,6.275,2.57585970546407,1,TRUE,0.698396678701373
"Aor","GSM1321025",6,16,16.3333333333333,15.1333333333333,17.4166666666667,1.80562101039954,0.333333333333332,TRUE,0.34679993029865
"Aor","GSM1321030",6,2,23.8333333333333,22.6416666666667,1.16666666666666,5.6778429723164,2.16666666666667,FALSE,0.259835410893583
"Aor","GSM1321037",6,16,16.75,15.3166666666667,18.1833333333333,1.49354921712729,0.75,TRUE,0.700070070623017
"Bstm","GSM1321039",1,20,21.25,18.075,0.541666666666668,2.38553756705967,1.25,TRUE,0.570618847058215
"Bstm","GSM1321040",1,22,23.4166666666667,19.9,0.916666666666664,4.43363950379748,1.41666666666666,FALSE,0.573884142543006
"Bstm","GSM1321050",1,18,18.4166666666667,16.4833333333333,20.25,1.4989531277837,0.416666666666664,TRUE,0.610504378134445
"Bstm","GSM1321058",1,10,9.91666666666667,8.31666666666667,12.1666666666667,4.614324569128,0.0833333333333339,FALSE,0.584111431675648
"Bstm","GSM1321041",2,0,22.9166666666667,20.7333333333333,0.424999999999997,4.45762714289424,1.08333333333334,FALSE,0.586032166468357
"Bstm","GSM1321043",2,4,3.58333333333333,1.83333333333333,4.91666666666667,2.3441149075434,0.416666666666667,TRUE,0.560408753170508
"Bstm","GSM1321056",2,6,5.75,4.325,7.75833333333333,2.83519289629568,0.25,FALSE,0.319042418532183
"Bstm","GSM1321057",2,8,8,6.40833333333333,10.1,3.1338924022046,0,FALSE,0.632074119082887
"Bstm","GSM1321052",3,22,21.3333333333333,19.4916666666667,0.749999999999996,3.2867398086258,0.666666666666668,FALSE,0.479391325229667
"Bstm","GSM1321053",3,0,21.8333333333333,20.2333333333333,0.441666666666663,3.21920216763949,2.16666666666667,FALSE,0.513298134271664
"Bstm","GSM1321059",3,12,12.25,11.4083333333333,13.85,4.82034463897342,0.25,FALSE,0.430222232804131
"Bstm","GSM1321060",3,14,15.0833333333333,13.6666666666667,16.525,2.36142003002096,1.08333333333333,TRUE,0.572988185330944
"Bstm","GSM1321038",4,18,18.25,17.2416666666667,20.0083333333333,0.625940651754923,0.25,TRUE,0.387879738559304
"Bstm","GSM1321045",4,8,6.75,5.24166666666666,7.60833333333333,3.61880117993788,1.25,FALSE,0.628195027366408
"Bstm","GSM1321047",4,12,10.4166666666667,8.91666666666666,12,4.63254797884726,1.58333333333333,FALSE,0.658697678101026
"Bstm","GSM1321048",4,14,14.3333333333333,12.6333333333333,16.2083333333333,3.31449438600336,0.333333333333332,FALSE,0.460454748133973
"Bstm","GSM1321042",5,2,2.41666666666667,0.891666666666667,3.75,3.68526353143597,0.416666666666667,FALSE,0.597813734043699
"Bstm","GSM1321046",5,10,9.25,8.24166666666667,11.2583333333333,4.11498468010632,0.75,FALSE,0.655940062701455
"Bstm","GSM1321051",5,20,20.3333333333333,18.8833333333333,22.4333333333333,3.73471476895874,0.333333333333332,FALSE,0.59788404784577
"Bstm","GSM1321055",5,4,5.5,4.16666666666666,7.00833333333333,2.24216740270132,1.5,TRUE,0.606412802431066
"Bstm","GSM1321044",6,6,5.91666666666667,4.825,7.69166666666667,1.93497196694531,0.0833333333333339,TRUE,0.506219160105008
"Bstm","GSM1321049",6,16,15.75,14.1666666666667,16.6333333333333,2.49597434869167,0.25,TRUE,0.585839970661685
"Bstm","GSM1321054",6,2,0.416666666666667,22.8583333333333,2.09166666666667,5.27832722834299,1.58333333333333,FALSE,0.157608765263633
"Bstm","GSM1321061",6,16,16.4166666666667,15.075,18.1916666666667,1.99948283537975,0.416666666666664,TRUE,0.438656286511392
"BFat","GSM1321063",1,20,20.0833333333333,19.4166666666667,21.7583333333333,3.38367701273441,0.0833333333333321,FALSE,0.609396667689919
"BFat","GSM1321064",1,22,22.75,21.975,0.466666666666669,3.93276705618032,0.75,FALSE,0.627805862741526
"BFat","GSM1321074",1,18,18.4166666666667,17.0833333333333,19.675,2.28558429207864,0.416666666666664,TRUE,0.669227934898302
"BFat","GSM1321082",1,10,10.5833333333333,8.90833333333333,12.1,4.10195635415639,0.583333333333332,FALSE,0.690228165782653
"BFat","GSM1321065",2,0,0.333333333333333,23.1666666666667,1.43333333333333,5.26889342010529,0.333333333333333,FALSE,0.354007670425507
"BFat","GSM1321067",2,4,3.25,2.08333333333333,4.59166666666667,3.83235498624442,0.75,FALSE,0.419935570179832
"BFat","GSM1321080",2,6,6,4.9,7.50833333333333,2.91207486027378,0,FALSE,0.384197032754359
"BFat","GSM1321081",2,8,8.08333333333333,6.9,9.75,3.6607393629284,0.0833333333333321,FALSE,0.207907312976247
"BFat","GSM1321076",3,22,21.3333333333333,20.3333333333333,22.925,3.84824287902462,0.666666666666668,FALSE,0.62337394117446
"BFat","GSM1321077",3,0,23.6666666666667,22.3333333333333,0.941666666666663,3.81484350081405,0.333333333333336,FALSE,0.481146642294849
"BFat","GSM1321083",3,12,11.5,10.3916666666667,12.5916666666667,4.23087407998182,0.5,FALSE,0.579415595742808
"BFat","GSM1321084",3,14,14.4166666666667,12.9833333333333,15.7833333333333,3.66746516103547,0.416666666666666,FALSE,0.425147688453975
"BFat","GSM1321062",4,18,18.25,17.4833333333333,19.5,2.30486616418856,0.25,TRUE,0.686627885949967
"BFat","GSM1321069",4,8,7.5,6.33333333333333,8.68333333333333,3.89329468636337,0.5,FALSE,0.424951440814461
"BFat","GSM1321071",4,12,10.8333333333333,9.65833333333333,12.3333333333333,4.07226266044964,1.16666666666667,FALSE,0.492217809888864
"BFat","GSM1321072",4,14,13.3333333333333,11.8916666666667,15.025,4.71588687625146,0.666666666666668,FALSE,0.574025148174403
"BFat","GSM1321066",5,2,2.16666666666667,1.325,3.66666666666667,3.14606971409797,0.166666666666667,FALSE,0.206300125777937
"BFat","GSM1321070",5,10,9.58333333333333,8.41666666666667,10.9416666666667,3.84002546840252,0.416666666666668,FALSE,0.596319031425688
"BFat","GSM1321075",5,20,21.25,19.9,22.5916666666667,3.62750790799245,1.25,FALSE,0.688716186286126
"BFat","GSM1321079",5,4,5.08333333333333,3.65833333333333,6.54166666666667,1.96724180975609,1.08333333333333,TRUE,0.53820316795495
"BFat","GSM1321068",6,6,5.41666666666667,4.49166666666667,6.83333333333333,2.17730210408607,0.583333333333334,TRUE,0.548861042962978
"BFat","GSM1321073",6,16,15.1666666666667,13.75,16.4416666666667,2.36396426724631,0.833333333333334,TRUE,0.402035557765937
"BFat","GSM1321078",6,2,1.58333333333333,0.25,2.83333333333333,4.52239862473124,0.416666666666667,FALSE,-0.0360820541766023
"BFat","GSM1321085",6,16,15.8333333333333,14.1416666666667,17.1333333333333,2.09954280209665,0.166666666666668,TRUE,0.258707558707549
"Cer","GSM1321087",1,20,20.5,19.825,1.18333333333333,3.26553789687858,0.5,FALSE,0.367509902583519
"Cer","GSM1321088",1,22,21.75,20.7583333333333,1.25,4.46574414395493,0.25,FALSE,0.454265968719908
"Cer","GSM1321098",1,18,18.1666666666667,16.575,19.1916666666667,2.38791218459143,0.166666666666664,TRUE,0.671131222054399
"Cer","GSM1321106",1,10,10.3333333333333,8.74166666666667,12.2666666666667,4.40282183727485,0.333333333333332,FALSE,0.728788687392109
"Cer","GSM1321089",2,0,23.8333333333333,22.6416666666667,1.33333333333333,4.76263061815027,0.166666666666668,FALSE,0.498155410686694
"Cer","GSM1321091",2,4,3,2.075,4.175,5.57567343642098,1,FALSE,0.628090698407058
"Cer","GSM1321104",2,6,6.08333333333333,4.96666666666666,8.41666666666667,3.0148650532883,0.083333333333333,FALSE,0.6860091581937
"Cer","GSM1321105",2,8,8.91666666666667,7.55833333333333,11.1916666666667,3.65757417388526,0.916666666666666,FALSE,0.461119444269509
"Cer","GSM1321100",3,22,21.3333333333333,20.1166666666667,23.2666666666667,4.04421974749528,0.666666666666668,FALSE,0.592715256025933
"Cer","GSM1321101",3,0,21.5833333333333,19.825,23.9666666666667,3.44152273310419,2.41666666666667,FALSE,0.389327421905955
"Cer","GSM1321107",3,12,12.1666666666667,11.0666666666667,13.5916666666667,5.30761872763199,0.166666666666666,FALSE,0.573113889115727
"Cer","GSM1321108",3,14,16.1666666666667,14.7333333333333,17.75,2.02021921596187,2.16666666666666,TRUE,0.410585905080989
"Cer","GSM1321086",4,18,18.25,17.575,19.6916666666667,2.24763104902362,0.25,TRUE,0.550608786367634
"Cer","GSM1321093",4,8,7.91666666666667,6.55833333333333,9.18333333333333,2.66986075508618,0.0833333333333339,TRUE,0.486766863066394
"Cer","GSM1321095",4,12,11.0833333333333,9.325,12.8416666666667,4.97202214272325,0.916666666666668,FALSE,0.511903782268892
"Cer","GSM1321096",4,14,15,13.4,16.9166666666667,4.05505114499018,1,FALSE,0.432880846202027
"Cer","GSM1321090",5,2,2.41666666666667,0.308333333333331,3.675,3.55878911116337,0.416666666666667,FALSE,0.498573516999598
"Cer","GSM1321094",5,10,11,9.24166666666666,11.5916666666667,4.0980524165995,1,FALSE,0.491054321474369
"Cer","GSM1321099",5,20,19.5833333333333,18.4083333333333,21.4416666666667,1.02382121129923,0.416666666666668,TRUE,0.542077270968016
"Cer","GSM1321103",5,4,4.83333333333333,3.58333333333333,7.18333333333333,2.61569491085887,0.833333333333333,TRUE,0.494637028682611
"Cer","GSM1321092",6,6,4.08333333333333,2.9,5.66666666666667,2.16000652455043,1.91666666666667,TRUE,0.354401238928635
"Cer","GSM1321097",6,16,13.4166666666667,12.1583333333333,14.1666666666667,3.56573732312245,2.58333333333333,FALSE,0.546976529027168
"Cer","GSM1321102",6,2,23.3333333333333,22.1666666666667,0.616666666666667,4.36527132791999,2.66666666666667,FALSE,0.609351296263363
"Cer","GSM1321109",6,16,16.5833333333333,14.8333333333333,18.1916666666667,1.29838348173528,0.583333333333332,TRUE,0.509868784033508
"Hrt","GSM1321111",1,20,20.25,19.4,21.25,3.21651149817866,0.25,FALSE,0.416915301347649
"Hrt","GSM1321112",1,22,21.9166666666667,20.825,0.333333333333332,3.98567121512373,0.0833333333333357,FALSE,0.377357378343668
"Hrt","GSM1321122",1,18,17.5833333333333,16.5833333333333,18.7583333333333,2.09990409796531,0.416666666666668,TRUE,0.399836409429976
"Hrt","GSM1321130",1,10,10.8333333333333,9.5,12.15,4.88786404142025,0.833333333333332,FALSE,0.672998630734898
"Hrt","GSM1321113",2,0,23.75,23.0833333333333,1.43333333333333,4.83463191120434,0.25,FALSE,0.592948735922357
"Hrt","GSM1321115",2,4,3,1.74166666666666,4.5,3.86225853299574,1,FALSE,0.709189285056415
"Hrt","GSM1321128",2,6,6.41666666666667,5.40833333333333,7.83333333333333,3.30804664329947,0.416666666666666,FALSE,0.657379824320104
"Hrt","GSM1321129",2,8,9.08333333333333,8.06666666666666,10.825,4.80402475278876,1.08333333333333,FALSE,0.561253622558295
"Hrt","GSM1321124",3,22,20.6666666666667,20.0666666666667,22.0916666666667,3.37385615551826,1.33333333333334,FALSE,0.517734973722751
"Hrt","GSM1321125",3,0,22.3333333333333,20.9833333333333,23.6083333333333,4.5369468594756,1.66666666666667,FALSE,0.428349406058732
"Hrt","GSM1321131",3,12,12.1666666666667,11.1333333333333,13.4333333333333,4.49685022611562,0.166666666666666,FALSE,0.676272017233236
"Hrt","GSM1321132",3,14,15.4166666666667,14.3,16.675,2.67689491139543,1.41666666666667,TRUE,0.440653107197206
"Hrt","GSM1321110",4,18,17.25,16.325,18.4166666666667,1.52355954060173,0.75,TRUE,0.536010587120411
"Hrt","GSM1321117",4,8,7.58333333333333,6.63333333333333,8.75833333333333,4.60791043580594,0.416666666666667,FALSE,0.281500376351275
"Hrt","GSM1321119",4,12,11,10.325,12.3333333333333,4.39223145009078,1,FALSE,0.619930437748359
"Hrt","GSM1321120",4,14,13.75,12.4083333333333,15.425,3.22679081814406,0.25,FALSE,0.621536976811251
"Hrt","GSM1321114",5,2,1,23.25,2.05,4.33913097952741,1,FALSE,0.588341546569064
"Hrt","GSM1321118",5,10,10,8.90833333333333,10.8583333333333,4.2551575032484,0,FALSE,0.652285345968288
"Hrt","GSM1321123",5,20,20.8333333333333,19.8166666666667,22.175,3.23428076791495,0.833333333333332,FALSE,0.551538826392306
"Hrt","GSM1321127",5,4,5.25,4.075,6.93333333333333,2.59795640887266,1.25,TRUE,0.546819784177018
"Hrt","GSM1321116",6,6,5.58333333333333,4.99166666666667,6.85,3.05022146269113,0.416666666666667,FALSE,0.530626628290392
"Hrt","GSM1321121",6,16,16.0833333333333,14.7416666666667,16.775,2.12565470797476,0.0833333333333321,TRUE,0.66873608733542
"Hrt","GSM1321126",6,2,23.8333333333333,22.8333333333333,1.33333333333333,5.32671242001088,2.16666666666667,FALSE,0.539085567908028
"Hrt","GSM1321133",6,16,17.0833333333333,15.9916666666667,18.3416666666667,2.36935603799151,1.08333333333333,TRUE,0.595202166905298
"Hyp","GSM1321135",1,20,22.9166666666667,21.1583333333333,1.175,2.62721797018398,2.91666666666666,TRUE,0.577165621358594
"Hyp","GSM1321136",1,22,21.25,16.7583333333333,23.5,3.34258174914967,0.75,FALSE,0.49077203905645
"Hyp","GSM1321146",1,18,16.75,13.2166666666667,21.7416666666667,0.702752460567316,1.25,TRUE,0.18890171671788
"Hyp","GSM1321154",1,10,10.3333333333333,9.15833333333333,11.925,4.63073715224455,0.333333333333332,FALSE,0.237023675448352
"Hyp","GSM1321137",2,0,23.9166666666667,22.6583333333333,1.51666666666667,3.05728591352761,0.0833333333333357,FALSE,0.479493426446028
"Hyp","GSM1321139",2,4,3.75,2.25,5.00833333333333,1.52814953063808,0.25,TRUE,0.663488610538828
"Hyp","GSM1321152",2,6,5.83333333333333,4.33333333333333,6.91666666666667,1.36367495472527,0.166666666666667,TRUE,0.704100145772413
"Hyp","GSM1321153",2,8,8,5.96666666666666,10.4166666666667,3.64689257581707,0,FALSE,0.619335354127132
"Hyp","GSM1321148",3,22,23.4166666666667,20.825,0.833333333333332,2.26983704269762,1.41666666666666,TRUE,0.366686828809925
"Hyp","GSM1321149",3,0,22.75,20.5,23.4166666666667,3.24963867542775,1.25,FALSE,0.525025571100415
"Hyp","GSM1321155",3,12,10.8333333333333,9.25,11.8333333333333,3.8429801241291,1.16666666666667,FALSE,0.528923867392758
"Hyp","GSM1321156",3,14,14.5833333333333,13.1666666666667,16.2583333333333,1.16619892055963,0.583333333333332,TRUE,0.330303778728914
"Hyp","GSM1321134",4,18,20,18.8166666666667,21.775,8.37135690011807,2,FALSE,0.522218533188876
"Hyp","GSM1321141",4,8,6.66666666666667,5.08333333333333,8.35833333333333,3.33255200862659,1.33333333333333,FALSE,0.586045963250399
"Hyp","GSM1321143",4,12,11.5833333333333,9.075,13.7833333333333,5.33057568080182,0.416666666666668,FALSE,0.505419599697708
"Hyp","GSM1321144",4,14,15.5833333333333,14.2416666666667,17.1666666666667,2.92873768257935,1.58333333333333,FALSE,0.457367418470494
"Hyp","GSM1321138",5,2,2.5,1.5,4.41666666666667,2.3915259312478,0.5,TRUE,0.22744684142272
"Hyp","GSM1321142",5,10,10.3333333333333,8.05,11.275,3.79478413343665,0.333333333333332,FALSE,0.470777376565297
"Hyp","GSM1321147",5,20,20.5,17.9666666666667,0.091666666666665,2.19301663634658,0.5,TRUE,0.527156972860859
"Hyp","GSM1321151",5,4,5.33333333333333,3.74166666666666,6.43333333333333,1.13530934400936,1.33333333333333,TRUE,0.712125893968267
"Hyp","GSM1321140",6,6,3.83333333333333,2,5.84166666666667,0.571962411310424,2.16666666666667,TRUE,0.547824218671398
"Hyp","GSM1321145",6,16,15.75,13.1,17.5333333333333,1.81062115361945,0.25,TRUE,0.433623956866866
"Hyp","GSM1321150",6,2,0,22.725,1.6,2.89481151964902,2,FALSE,0.340688157210393
"Hyp","GSM1321157",6,16,16.9166666666667,13.75,20.6083333333333,0.438707976704207,0.916666666666664,TRUE,0.344983579448614
"Kid","GSM1321159",1,20,20.0833333333333,19,21.1583333333333,3.51314886145633,0.0833333333333321,FALSE,0.368549321539227
"Kid","GSM1321160",1,22,22.5,21.3166666666667,23.6666666666667,4.28472592461799,0.5,FALSE,0.674844065209089
"Kid","GSM1321170",1,18,17.75,16.5583333333333,18.8333333333333,2.9724299240855,0.25,FALSE,0.587540460701474
"Kid","GSM1321178",1,10,10.5833333333333,9.325,11.675,4.76088812986504,0.583333333333332,FALSE,0.635790829254653
"Kid","GSM1321161",2,0,0,23.475,1.33333333333333,4.68745733894271,0,FALSE,0.497106582436359
"Kid","GSM1321163",2,4,3.41666666666667,2.16666666666667,4.59166666666667,4.17956517249267,0.583333333333333,FALSE,0.525068496109222
"Kid","GSM1321176",2,6,6.58333333333333,5.33333333333333,7.84166666666667,3.56081147298929,0.583333333333333,FALSE,0.5149340734961
"Kid","GSM1321177",2,8,8.91666666666667,7.825,10.1,4.32213829323569,0.916666666666666,FALSE,0.273204124590568
"Kid","GSM1321172",3,22,20.6666666666667,19.825,21.7666666666667,3.83817241145407,1.33333333333334,FALSE,0.395820815629893
"Kid","GSM1321173",3,0,23,21.4166666666667,23.9416666666667,4.32827477427721,1,FALSE,0.542463721509101
"Kid","GSM1321179",3,12,11.9166666666667,10.575,13.175,4.44824532227103,0.0833333333333339,FALSE,0.427245217476501
"Kid","GSM1321180",3,14,15.0833333333333,13.825,16.1666666666667,2.41579552841537,1.08333333333333,TRUE,0.433899710585644
"Kid","GSM1321158",4,18,17.5833333333333,16.7416666666667,18.7666666666667,2.79969536726224,0.416666666666668,TRUE,0.51274482137962
"Kid","GSM1321165",4,8,8.25,7.225,9.41666666666667,4.14687904678117,0.25,FALSE,0.622697203259488
"Kid","GSM1321167",4,12,10.75,9.41666666666667,11.8416666666667,4.62721917220322,1.25,FALSE,0.523576759653349
"Kid","GSM1321168",4,14,13.0833333333333,11.9083333333333,14,3.22151178384961,0.916666666666668,FALSE,0.588253654385049
"Kid","GSM1321162",5,2,2.41666666666667,1.575,3.66666666666667,4.17198074221724,0.416666666666667,FALSE,0.384686608308151
"Kid","GSM1321166",5,10,10.0833333333333,9.06666666666666,11.25,4.49354624024707,0.0833333333333321,FALSE,0.611108247906406
"Kid","GSM1321171",5,20,20.25,19,21.5083333333333,3.15401781817629,0.25,FALSE,0.615322227446053
"Kid","GSM1321175",5,4,4.75,3.49166666666666,5.775,2.84061746109416,0.75,FALSE,0.623378319362567
"Kid","GSM1321164",6,6,5.41666666666667,4.58333333333333,6.675,2.66610715546488,0.583333333333334,TRUE,0.45825012932704
"Kid","GSM1321169",6,16,15.8333333333333,14.5833333333333,16.9333333333333,2.52609665471209,0.166666666666668,TRUE,0.529635537328891
"Kid","GSM1321174",6,2,1.08333333333333,0.0750000000000002,2.34166666666667,4.64283364918857,0.916666666666667,FALSE,0.396726905202362
"Kid","GSM1321181",6,16,17,15.6666666666667,18.0916666666667,2.24539198883664,1,TRUE,0.428920470098322
"Liv","GSM1321183",1,20,21.5,20.1583333333333,23.6833333333333,2.99232215580346,1.5,FALSE,0.424113238446937
"Liv","GSM1321184",1,22,23.4166666666667,21.5833333333333,0.5,4.11957574333008,1.41666666666666,FALSE,0.49587421254235
"Liv","GSM1321194",1,18,18.5,16.8166666666667,19.1666666666667,2.21915162713889,0.5,TRUE,0.564711706879741
"Liv","GSM1321202",1,10,10.9166666666667,9.81666666666666,11.9333333333333,3.89357312435409,0.916666666666666,FALSE,0.668873363147457
"Liv","GSM1321185",2,0,22.8333333333333,22.1416666666667,0.508333333333333,5.3076759407363,1.16666666666667,FALSE,0.518382188351908
"Liv","GSM1321187",2,4,2.66666666666667,1.40833333333333,4.175,3.66342722809658,1.33333333333333,FALSE,0.665363886580062
"Liv","GSM1321200",2,6,6.91666666666667,5.33333333333333,7.925,4.4682340448273,0.916666666666666,FALSE,0.548116417037913
"Liv","GSM1321201",2,8,9.16666666666667,8.16666666666666,10.2833333333333,4.62901786135889,1.16666666666667,FALSE,0.481368347881293
"Liv","GSM1321196",3,22,20.1666666666667,19.4166666666667,21.6666666666667,3.69553657931382,1.83333333333334,FALSE,0.57815660860228
"Liv","GSM1321197",3,0,20.0833333333333,19,21.05,3.43472597904375,3.91666666666667,FALSE,0.586914239733126
"Liv","GSM1321203",3,12,12.25,10.9166666666667,12.9416666666667,3.40966254029106,0.25,FALSE,0.592680601743528
"Liv","GSM1321204",3,14,15.25,13.9916666666667,16.125,2.11777881475414,1.25,TRUE,0.566262907634828
"Liv","GSM1321182",4,18,17.5833333333333,16.7416666666667,19.0833333333333,2.18623875144007,0.416666666666668,TRUE,0.475474036485829
"Liv","GSM1321189",4,8,8.16666666666667,7.15833333333333,9.425,4.54123147784766,0.166666666666666,FALSE,0.487390609863313
"Liv","GSM1321191",4,12,11.1666666666667,9.74166666666666,12.175,3.53789373072282,0.833333333333334,FALSE,0.390088284850728
"Liv","GSM1321192",4,14,13.6666666666667,12.3333333333333,14.9333333333333,2.29944686901595,0.333333333333334,TRUE,0.571627083155538
"Liv","GSM1321186",5,2,2.16666666666667,0.833333333333332,3.275,5.15770899486914,0.166666666666667,FALSE,0.449418332024793
"Liv","GSM1321190",5,10,10,8.75,10.9166666666667,3.54988749250964,0,FALSE,0.497483285549761
"Liv","GSM1321195",5,20,20.0833333333333,18.5583333333333,21.7,2.82169065218009,0.0833333333333321,TRUE,0.631215490599485
"Liv","GSM1321199",5,4,4.83333333333333,3.49166666666667,6,2.67046822817023,0.833333333333333,TRUE,0.471816123721718
"Liv","GSM1321188",6,6,5,4.16666666666667,6.425,2.43776322782668,1,TRUE,0.463835380391173
"Liv","GSM1321193",6,16,16.5833333333333,15.1583333333333,17.3583333333333,2.59100863273276,0.583333333333332,TRUE,0.496207246938031
"Liv","GSM1321198",6,2,0.333333333333333,23.25,1.6,6.19151217761086,1.66666666666667,FALSE,0.235380784579748
"Liv","GSM1321205",6,16,17.1666666666667,15.6583333333333,18.175,2.28560438210039,1.16666666666666,TRUE,0.619066398572548
"Lun","GSM1321207",1,20,20.3333333333333,18.9083333333333,21.4333333333333,3.99877544575632,0.333333333333332,FALSE,0.244174402379633
"Lun","GSM1321208",1,22,22.3333333333333,21.1583333333333,23.5083333333333,4.24919592021191,0.333333333333332,FALSE,0.448886734901725
"Lun","GSM1321218",1,18,17.5,16.25,18.675,2.18789267511357,0.5,TRUE,0.677001077731834
"Lun","GSM1321226",1,10,10.75,9.49166666666667,11.675,5.16750327076376,0.75,FALSE,0.617391712306797
"Lun","GSM1321209",2,0,0.166666666666667,23.4833333333333,1.59166666666667,4.23216754915355,0.166666666666667,FALSE,0.527924687380483
"Lun","GSM1321211",2,4,3.91666666666667,2.56666666666667,5.00833333333333,3.14379394249327,0.0833333333333335,FALSE,0.625069336143791
"Lun","GSM1321224",2,6,6.75,5.65833333333333,8.00833333333333,3.57980659125999,0.75,FALSE,0.589902732327798
"Lun","GSM1321225",2,8,8.91666666666667,7.66666666666667,9.91666666666667,4.81111817274265,0.916666666666666,FALSE,0.583707422995104
"Lun","GSM1321220",3,22,21.1666666666667,20.075,22.2583333333333,4.45965755782253,0.833333333333336,FALSE,0.449226740339002
"Lun","GSM1321221",3,0,22.75,21.4916666666667,23.6083333333333,5.2637772502156,1.25,FALSE,0.539720579803944
"Lun","GSM1321227",3,12,12,10.9166666666667,13.0166666666667,4.26937412538566,0,FALSE,0.622233671668689
"Lun","GSM1321228",3,14,15.0833333333333,13.725,15.8416666666667,1.85392981325909,1.08333333333333,TRUE,0.501952312920925
"Lun","GSM1321206",4,18,17.0833333333333,16.2416666666667,18.5166666666667,1.87900359051171,0.916666666666668,TRUE,0.445012907822467
"Lun","GSM1321213",4,8,8.16666666666667,7.075,9.41666666666666,4.30983358334867,0.166666666666666,FALSE,0.495664309286726
"Lun","GSM1321215",4,12,10.9166666666667,9.75,12.2583333333333,4.78835078336276,1.08333333333333,FALSE,0.60386652646691
"Lun","GSM1321216",4,14,13.4166666666667,12.1666666666667,14.175,2.37388947323846,0.583333333333334,TRUE,0.326770149127983
"Lun","GSM1321210",5,2,2.16666666666667,1.30833333333333,3.5,3.87861538285259,0.166666666666667,FALSE,0.625492949456907
"Lun","GSM1321214",5,10,10.3333333333333,9.325,11.3333333333333,4.90359446394591,0.333333333333332,FALSE,0.496407559584119
"Lun","GSM1321219",5,20,19.6666666666667,18.4916666666667,20.8333333333333,3.62053304499763,0.333333333333336,FALSE,0.534671867177376
"Lun","GSM1321223",5,4,4.83333333333333,3.575,6,2.45661041636315,0.833333333333333,TRUE,0.6109124289106
"Lun","GSM1321212",6,6,5.33333333333333,4.39166666666666,6.66666666666667,2.49476844015102,0.666666666666667,TRUE,0.453290971887093
"Lun","GSM1321217",6,16,16,14.825,17.0166666666667,1.21097314050059,0,TRUE,0.603279043717793
"Lun","GSM1321222",6,2,0.833333333333333,23.575,1.93333333333333,4.45180653440206,1.16666666666667,FALSE,0.373594335552845
"Lun","GSM1321229",6,16,17.1666666666667,15.8333333333333,18.175,1.82504007792656,1.16666666666666,TRUE,0.280995008799376
"Mus","GSM1321231",1,20,19.3333333333333,17.8083333333333,20.7583333333333,3.03316212720831,0.666666666666668,FALSE,0.539372806436122
"Mus","GSM1321232",1,22,22.3333333333333,20.375,23.9416666666667,4.32259249210341,0.333333333333332,FALSE,0.728814683979872
"Mus","GSM1321242",1,18,17.5,16.325,18.8416666666667,2.89985392109223,0.5,FALSE,0.554300216237671
"Mus","GSM1321250",1,10,10.6666666666667,9.5,11.9166666666667,3.73156963089342,0.666666666666666,FALSE,0.638651395863836
"Mus","GSM1321233",2,0,23.0833333333333,21.2083333333333,0.274999999999999,6.0107489348541,0.916666666666668,FALSE,0.456841107691448
"Mus","GSM1321235",2,4,3.16666666666667,2.06666666666666,4.5,3.07685245155245,0.833333333333333,FALSE,0.585968257916944
"Mus","GSM1321248",2,6,6.41666666666667,5.15,7.83333333333333,3.54310726248521,0.416666666666666,FALSE,0.704981952693691
"Mus","GSM1321249",2,8,8.5,6.65,9.8,3.89148995333646,0.5,FALSE,0.252886387646172
"Mus","GSM1321244",3,22,21.25,20.3,22.6833333333333,4.41168217442308,0.75,FALSE,0.655905995831818
"Mus","GSM1321245",3,0,23,21.15,0.508333333333333,4.22364205657444,1,FALSE,0.585366500046582
"Mus","GSM1321251",3,12,13.0833333333333,11.8083333333333,14.2583333333333,3.18522349978685,1.08333333333333,FALSE,0.557074773292662
"Mus","GSM1321252",3,14,15.4166666666667,14.1583333333333,16.2583333333333,2.58028356270312,1.41666666666667,TRUE,0.4651955525321
"Mus","GSM1321230",4,18,17.0833333333333,15.8166666666667,18.5,2.13668114609792,0.916666666666668,TRUE,0.208540019589812
"Mus","GSM1321237",4,8,7.75,5.81666666666667,8.45,5.18230776995007,0.25,FALSE,0.571433274616883
"Mus","GSM1321239",4,12,11.5,10.3083333333333,13.65,3.28478305148507,0.5,FALSE,0.626903186050015
"Mus","GSM1321240",4,14,14,12.7333333333333,15.0833333333333,2.82824646781645,0,TRUE,0.658912888646806
"Mus","GSM1321234",5,2,2.5,1.20833333333333,3.71666666666667,3.13790956103779,0.5,FALSE,0.397199016693259
"Mus","GSM1321238",5,10,10,8.23333333333333,11.5083333333333,4.60034587404541,0,FALSE,0.680233785735078
"Mus","GSM1321243",5,20,19.8333333333333,18.2833333333333,21.1666666666667,2.98333261756655,0.166666666666668,FALSE,0.647062408296683
"Mus","GSM1321247",5,4,5.5,4.325,6.55,3.43633086090589,1.5,FALSE,0.585248910730224
"Mus","GSM1321236",6,6,5.58333333333333,4.56666666666666,7,4.21289317923211,0.416666666666667,FALSE,0.676649162752852
"Mus","GSM1321241",6,16,15.6666666666667,14.4166666666667,16.7583333333333,3.01982715973587,0.333333333333334,FALSE,0.437722909349296
"Mus","GSM1321246",6,2,1.25,23.3833333333333,3.00833333333333,3.5611569875101,0.75,FALSE,0.190114640085527
"Mus","GSM1321253",6,16,16.25,14.1583333333333,3.675,0.706955487402938,0.25,TRUE,-0.490173808808827
"WFat","GSM1321255",1,20,20.8333333333333,19.9916666666667,23.425,4.1823001301292,0.833333333333332,FALSE,0.425864573521512
"WFat","GSM1321256",1,22,0.583333333333333,23.25,1.5,4.33768886602695,2.58333333333333,FALSE,0.413396481867293
"WFat","GSM1321266",1,18,17.75,16.5,18.8416666666667,2.84878250595539,0.25,FALSE,0.671928385506064
"WFat","GSM1321274",1,10,10.5,8.66666666666667,11.5083333333333,3.3963015168135,0.5,FALSE,0.57300781342652
"WFat","GSM1321257",2,0,23.5833333333333,22.8916666666667,1.10833333333333,4.67729858917878,0.416666666666668,FALSE,0.648445941250405
"WFat","GSM1321259",2,4,3.16666666666667,2.08333333333333,4.09166666666667,3.24791201903234,0.833333333333333,FALSE,0.520603734794663
"WFat","GSM1321272",2,6,6.75,5.66666666666667,7.83333333333333,2.79249929817848,0.75,TRUE,0.756057333340882
"WFat","GSM1321273",2,8,9.33333333333333,8.39166666666666,10.5916666666667,4.04187547262432,1.33333333333333,FALSE,0.594104106948181
"WFat","GSM1321268",3,22,21.4166666666667,20.325,22.5083333333333,3.68811245895977,0.583333333333336,FALSE,0.611047373580926
"WFat","GSM1321269",3,0,22.75,21.075,23.7583333333333,3.64954659914448,1.25,FALSE,0.534961615221272
"WFat","GSM1321275",3,12,11.9166666666667,10.7416666666667,12.925,4.47152232892809,0.0833333333333339,FALSE,0.402086827634944
"WFat","GSM1321276",3,14,15.4166666666667,13.9833333333333,16.0083333333333,2.41371770325495,1.41666666666667,TRUE,0.54997730352253
"WFat","GSM1321254",4,18,17.75,16.5666666666667,19.0833333333333,3.55333835904881,0.25,FALSE,0.664541251332274
"WFat","GSM1321261",4,8,7.58333333333333,6.55,8.96666666666667,3.89124255663383,0.416666666666667,FALSE,0.434338636964021
"WFat","GSM1321263",4,12,11.5833333333333,10.4583333333333,12.675,4.42333188444397,0.416666666666668,FALSE,0.631201993652069
"WFat","GSM1321264",4,14,13.25,12.1666666666667,14.0833333333333,3.59340699319863,0.75,FALSE,0.595432927477323
"WFat","GSM1321258",5,2,1.33333333333333,0.724999999999998,2.925,5.01818667982248,0.666666666666667,FALSE,0.63853263494899
"WFat","GSM1321262",5,10,9.58333333333333,8.33333333333333,10.7583333333333,5.07275010254298,0.416666666666668,FALSE,0.604938565039966
"WFat","GSM1321267",5,20,20.5833333333333,19.1666666666667,21.5833333333333,3.3785441330786,0.583333333333332,FALSE,0.712857206521152
"WFat","GSM1321271",5,4,4.75,3.33333333333333,5.6,2.75625918652362,0.75,TRUE,0.680915559898817
"WFat","GSM1321260",6,6,5,3.95,6.75,2.59223894184487,1,TRUE,0.534656933060467
"WFat","GSM1321265",6,16,15.25,13.6666666666667,16.2583333333333,1.00542624873827,0.75,TRUE,0.332140161859989
"WFat","GSM1321270",6,2,2.41666666666667,1.24166666666666,3.83333333333333,3.40428555371966,0.416666666666667,FALSE,0.438113296688786
"WFat","GSM1321277",6,16,16.5833333333333,14.325,17.175,1.24864168132026,0.583333333333332,TRUE,0.392218671334699
