"sample","age_group","zt","truth","phase","amp","error","low_amplitude"
"GSM2241076","aged",0,0,23.75,3.73263470889711,0.25,FALSE
"GSM2241077","aged",0,0,0.25,3.13702676378305,0.25,FALSE
"GSM2241078","aged",0,0,0.166666666666667,3.79504463338689,0.166666666666667,FALSE
"GSM2241079","aged",0,0,23.5,4.79793129914854,0.5,FALSE
"GSM2241080","aged",12,12,10.3333333333333,6.11472009837257,1.66666666666667,FALSE
"GSM2241081","aged",12,12,12.0833333333333,4.06542082456213,0.0833333333333321,FALSE
"GSM2241082","aged",12,12,12.0833333333333,3.3780822670893,0.0833333333333321,FALSE
"GSM2241083","aged",12,12,11.5,4.395823037314,0.5,FALSE
"GSM2241084","aged",16,16,16.9166666666667,0.886044051081821,0.916666666666664,TRUE
"GSM2241085","aged",16,16,16.0833333333333,1.07681530382959,0.0833333333333321,TRUE
"GSM2241086","aged",16,16,16.75,1.77995562677985,0.75,TRUE
"GSM2241087","aged",16,16,15.6666666666667,1.37625003977923,0.333333333333334,TRUE
"GSM2241088","aged",20,20,18.9166666666667,1.43009280200923,1.08333333333334,TRUE
"GSM2241089","aged",20,20,20.1666666666667,2.71208516614787,0.166666666666664,FALSE
"GSM2241090","aged",20,20,19.0833333333333,3.0280519407752,0.916666666666668,FALSE
"GSM2241091","aged",20,20,17,0.9837798263136,3,TRUE
"GSM2241092","aged",4,4,17.6666666666667,2.03328674083394,10.3333333333333,FALSE
"GSM2241093","aged",4,4,6.58333333333333,2.38079149575023,2.58333333333333,FALSE
"GSM2241094","aged",4,4,2.75,3.49303237693261,1.25,FALSE
"GSM2241095","aged",4,4,4,2.77213459679984,0,FALSE
"GSM2241096","aged",8,8,7.83333333333333,2.25683169282955,0.166666666666667,FALSE
"GSM2241097","aged",8,8,8.5,2.60459267878365,0.5,FALSE
"GSM2241098","aged",8,8,7.08333333333333,1.25874784427679,0.916666666666667,TRUE
"GSM2241099","aged",8,8,8.41666666666667,3.45057940110782,0.416666666666666,FALSE
"GSM2241100","young",0,0,0.5,3.17751438224732,0.5,FALSE
"GSM2241101","young",0,0,23.8333333333333,4.72290083644651,0.166666666666668,FALSE
"GSM2241102","young",0,0,23.9166666666667,3.14798792182387,0.0833333333333357,FALSE
"GSM2241103","young",0,0,0.0833333333333333,3.84729533601475,0.0833333333333333,FALSE
"GSM2241104","young",12,12,12.75,4.03776439859045,0.75,FALSE
"GSM2241105","young",12,12,10.8333333333333,4.41929494429913,1.16666666666667,FALSE
"GSM2241106","young",12,12,11.75,4.29471589312183,0.25,FALSE
"GSM2241107","young",12,12,11.6666666666667,3.94637860197709,0.333333333333334,FALSE
"GSM2241108","young",16,16,15.5,1.87946238080138,0.5,FALSE
"GSM2241109","young",16,16,16.0833333333333,1.41587279744612,0.0833333333333321,TRUE
"GSM2241110","young",16,16,16.75,3.37057621391221,0.75,FALSE
"GSM2241111","young",16,16,17.25,2.26472290684539,1.25,FALSE
"GSM2241112","young",20,20,20.75,3.17850815557311,0.75,FALSE
"GSM2241113","young",20,20,20.4166666666667,3.23155766907078,0.416666666666664,FALSE
"GSM2241114","young",20,20,19.8333333333333,3.16482871939419,0.166666666666668,FALSE
"GSM2241115","young",20,20,21.25,2.76090502249227,1.25,FALSE
"GSM2241116","young",4,4,4.41666666666667,3.0360981869791,0.416666666666666,FALSE
"GSM2241117","young",4,4,3.33333333333333,3.3047405450076,0.666666666666667,FALSE
"GSM2241118","young",4,4,3.91666666666667,2.9920005206166,0.0833333333333335,FALSE
"GSM2241119","young",4,4,4,1.95566970190684,0,FALSE
"GSM2241120","young",8,8,7.66666666666667,1.19858476106046,0.333333333333334,TRUE
"GSM2241121","young",8,8,8,2.17225607380376,0,FALSE
"GSM2241122","young",8,8,7.5,1.16109877336994,0.5,TRUE
"GSM2241123","young",8,8,8.16666666666667,2.19703481725097,0.166666666666666,FALSE
