"tissue","method","circular_mae","n"
"Adr","timetable",0.71875,24
"Adr","taufisher",0.5,14
"Adr","consensus_equal",0.647569444444445,24
"Adr","consensus_accuracy",0.634752080401647,24
"Aor","timetable",0.659722222222222,24
"Aor","taufisher",0.642857142857143,14
"Aor","consensus_equal",0.616319444444444,24
"Aor","consensus_accuracy",0.615757136219986,24
"Bstm","timetable",0.802083333333333,24
"Bstm","taufisher",1.07142857142857,14
"Bstm","consensus_equal",0.765624999999999,24
"Bstm","consensus_accuracy",0.768515719906725,24
"BFat","timetable",0.572916666666667,24
"BFat","taufisher",0.785714285714286,14
"BFat","consensus_equal",0.635416666666667,24
"BFat","consensus_accuracy",0.620107140697615,24
"Cer","timetable",1.10763888888889,24
"Cer","taufisher",1.21428571428571,14
"Cer","consensus_equal",1.109375,24
"Cer","consensus_accuracy",1.10690670475932,24
"Hrt","timetable",0.756944444444445,24
"Hrt","taufisher",0.714285714285714,14
"Hrt","consensus_equal",0.723958333333334,24
"Hrt","consensus_accuracy",0.723405292959958,24
"Hyp","timetable",1.12152777777778,24
"Hyp","taufisher",1.28571428571429,14
"Hyp","consensus_equal",1.11458333333333,24
"Hyp","consensus_accuracy",1.10758863559513,24
"Kid","timetable",0.579861111111111,24
"Kid","taufisher",0.642857142857143,14
"Kid","consensus_equal",0.595486111111111,24
"Kid","consensus_accuracy",0.594681174229729,24
"Liv","timetable",0.784722222222222,24
"Liv","taufisher",0.785714285714286,14
"Liv","consensus_equal",0.736111111111111,24
"Liv","consensus_accuracy",0.736119822245191,24
"Lun","timetable",0.569444444444444,24
"Lun","taufisher",0.642857142857143,14
"Lun","consensus_equal",0.567708333333333,24
"Lun","consensus_accuracy",0.566963334901402,24
"Mus","timetable",0.458333333333333,24
"Mus","taufisher",0.571428571428571,14
"Mus","consensus_equal",0.456597222222222,24
"Mus","consensus_accuracy",0.456782443233125,24
"WFat","timetable",0.71875,24
"WFat","taufisher",0.785714285714286,14
"WFat","consensus_equal",0.748263888888889,24
"WFat","consensus_accuracy",0.746945241766929,24
