"direction","tissue","method","circular_mae","circular_cor","n","n_failed"
"microarray_to_rnaseq","Adr","timetable",0.979166666666666,-0.624643231565522,8,0
"microarray_to_rnaseq","Adr","taufisher",1.625,0.660060914702352,8,0
"microarray_to_rnaseq","Adr","zeitzeiger",NA,NA,0,0
"microarray_to_rnaseq","Adr","timesignatr",NA,NA,0,0
"microarray_to_rnaseq","Aor","timetable",1.64583333333333,-0.16091413569827,8,0
"microarray_to_rnaseq","Aor","taufisher",2.5,0.891259830534003,8,0
"microarray_to_rnaseq","Aor","zeitzeiger",NA,NA,0,0
"microarray_to_rnaseq","Aor","timesignatr",NA,NA,0,0
"microarray_to_rnaseq","Bstm","timetable",2.3125,0.109115380506226,8,0
"microarray_to_rnaseq","Bstm","taufisher",4.875,0.0137828787233061,8,0
"microarray_to_rnaseq","Bstm","zeitzeiger",NA,NA,0,0
"microarray_to_rnaseq","Bstm","timesignatr",NA,NA,0,0
"microarray_to_rnaseq","BFat","timetable",1.90625,-0.0972251758411507,8,0
"microarray_to_rnaseq","BFat","taufisher",NA,NA,0,0
"microarray_to_rnaseq","BFat","zeitzeiger",NA,NA,0,0
"microarray_to_rnaseq","BFat","timesignatr",NA,NA,0,0
"microarray_to_rnaseq","Cer","timetable",3.72916666666667,0.881226450656707,8,0
"microarray_to_rnaseq","Cer","taufisher",4.75,0.570765914267182,8,0
"microarray_to_rnaseq","Cer","zeitzeiger",NA,NA,0,0
"microarray_to_rnaseq","Cer","timesignatr",NA,NA,0,0
"microarray_to_rnaseq","Hrt","timetable",1.46875,0.9408127493836,8,0
"microarray_to_rnaseq","Hrt","taufisher",5,0.758466831688273,8,0
"microarray_to_rnaseq","Hrt","zeitzeiger",NA,NA,0,0
"microarray_to_rnaseq","Hrt","timesignatr",NA,NA,0,0
"microarray_to_rnaseq","Hyp","timetable",4.57291666666667,0.278896306206601,8,0
"microarray_to_rnaseq","Hyp","taufisher",4.5,0.976128756902619,8,0
"microarray_to_rnaseq","Hyp","zeitzeiger",NA,NA,0,0
"microarray_to_rnaseq","Hyp","timesignatr",NA,NA,0,0
"microarray_to_rnaseq","Kid","timetable",1.29166666666667,0.970910826502025,8,0
"microarray_to_rnaseq","Kid","taufisher",2.125,0.958083748986791,8,0
"microarray_to_rnaseq","Kid","zeitzeiger",NA,NA,0,0
"microarray_to_rnaseq","Kid","timesignatr",NA,NA,0,0
"microarray_to_rnaseq","Liv","timetable",1.375,0.113674566481467,8,0
"microarray_to_rnaseq","Liv","taufisher",NA,NA,0,0
"microarray_to_rnaseq","Liv","zeitzeiger",NA,NA,0,0
"microarray_to_rnaseq","Liv","timesignatr",NA,NA,0,0
"microarray_to_rnaseq","Lun","timetable",0.8125,0.980627452638855,8,0
"microarray_to_rnaseq","Lun","taufisher",1.375,0.701733503265656,8,0
"microarray_to_rnaseq","Lun","zeitzeiger",NA,NA,0,0
"microarray_to_rnaseq","Lun","timesignatr",NA,NA,0,0
"microarray_to_rnaseq","Mus","timetable",1.02083333333333,-0.158033001742791,8,0
"microarray_to_rnaseq","Mus","taufisher",NA,NA,0,0
"microarray_to_rnaseq","Mus","zeitzeiger",NA,NA,0,0
"microarray_to_rnaseq","Mus","timesignatr",NA,NA,0,0
"microarray_to_rnaseq","WFat","timetable",1.53125,0.393420625306257,8,0
"microarray_to_rnaseq","WFat","taufisher",2.625,0.905378348087183,8,0
"microarray_to_rnaseq","WFat","zeitzeiger",NA,NA,0,0
"microarray_to_rnaseq","WFat","timesignatr",NA,NA,0,0
"rnaseq_to_microarray","Adr","timetable",1.80555555555556,-0.826801547182524,24,0
"rnaseq_to_microarray","Adr","taufisher",NA,NA,0,0
"rnaseq_to_microarray","Adr","zeitzeiger",NA,NA,0,0
"rnaseq_to_microarray","Adr","timesignatr",NA,NA,0,0
"rnaseq_to_microarray","Aor","timetable",1.44791666666667,-0.830131755043286,24,0
"rnaseq_to_microarray","Aor","taufisher",NA,NA,0,0
"rnaseq_to_microarray","Aor","zeitzeiger",NA,NA,0,0
"rnaseq_to_microarray","Aor","timesignatr",NA,NA,0,0
"rnaseq_to_microarray","Bstm","timetable",5.49305555555556,-0.868429287901932,24,0
"rnaseq_to_microarray","Bstm","taufisher",NA,NA,0,0
"rnaseq_to_microarray","Bstm","zeitzeiger",NA,NA,0,0
"rnaseq_to_microarray","Bstm","timesignatr",NA,NA,0,0
"rnaseq_to_microarray","BFat","timetable",1.65625,-0.726291760498081,24,0
"rnaseq_to_microarray","BFat","taufisher",NA,NA,0,0
"rnaseq_to_microarray","BFat","zeitzeiger",NA,NA,0,0
"rnaseq_to_microarray","BFat","timesignatr",NA,NA,0,0
"rnaseq_to_microarray","Cer","timetable",2.53472222222222,0.465931710330256,24,0
"rnaseq_to_microarray","Cer","taufisher",NA,NA,0,0
"rnaseq_to_microarray","Cer","zeitzeiger",NA,NA,0,0
"rnaseq_to_microarray","Cer","timesignatr",NA,NA,0,0
"rnaseq_to_microarray","Hrt","timetable",2.15625,-0.698914245186796,24,0
"rnaseq_to_microarray","Hrt","taufisher",NA,NA,0,0
"rnaseq_to_microarray","Hrt","zeitzeiger",NA,NA,0,0
"rnaseq_to_microarray","Hrt","timesignatr",NA,NA,0,0
"rnaseq_to_microarray","Hyp","timetable",4.63541666666667,0.909945007600244,24,0
"rnaseq_to_microarray","Hyp","taufisher",NA,NA,0,0
"rnaseq_to_microarray","Hyp","zeitzeiger",NA,NA,0,0
"rnaseq_to_microarray","Hyp","timesignatr",NA,NA,0,0
"rnaseq_to_microarray","Kid","timetable",2.15625,0.926630161630267,24,0
"rnaseq_to_microarray","Kid","taufisher",NA,NA,0,0
"rnaseq_to_microarray","Kid","zeitzeiger",NA,NA,0,0
"rnaseq_to_microarray","Kid","timesignatr",NA,NA,0,0
"rnaseq_to_microarray","Liv","timetable",1.26041666666667,0.882698642296124,24,0
"rnaseq_to_microarray","Liv","taufisher",NA,NA,0,0
"rnaseq_to_microarray","Liv","zeitzeiger",NA,NA,0,0
"rnaseq_to_microarray","Liv","timesignatr",NA,NA,0,0
"rnaseq_to_microarray","Lun","timetable",0.930555555555556,0.975292660701846,24,0
"rnaseq_to_microarray","Lun","taufisher",NA,NA,0,0
"rnaseq_to_microarray","Lun","zeitzeiger",NA,NA,0,0
"rnaseq_to_microarray","Lun","timesignatr",NA,NA,0,0
"rnaseq_to_microarray","Mus","timetable",3.63888888888889,0.891549792577379,24,0
"rnaseq_to_microarray","Mus","taufisher",NA,NA,0,0
"rnaseq_to_microarray","Mus","zeitzeiger",NA,NA,0,0
"rnaseq_to_microarray","Mus","timesignatr",NA,NA,0,0
"rnaseq_to_microarray","WFat","timetable",0.986111111111111,0.497796620772813,24,0
"rnaseq_to_microarray","WFat","taufisher",NA,NA,0,0
"rnaseq_to_microarray","WFat","zeitzeiger",NA,NA,0,0
"rnaseq_to_microarray","WFat","timesignatr",NA,NA,0,0
