"tissue","n","kappa","concentration","bayes_coverage","boot_coverage","bayes_mean_width","boot_mean_width","mean_width_diff_h"
"Adr",24,13.3446896280517,0.961773343909287,0.916666666666667,0.958333333333333,2.72113875728627,2.59131944444444,0.129819312841832
"Aor",24,13.779982070008,0.963005885886508,0.958333333333333,0.916666666666667,2.67647163575076,2.68298611111111,-0.0065144753603511
"Bstm",24,13.0980337647902,0.961037728617962,0.791666666666667,0.916666666666667,2.7474725397512,3.47951388888889,-0.732041349137687
"BFat",24,13.2578898953895,0.961517668956184,1,1,2.73031562798208,2.59479166666667,0.13552396131541
"Cer",24,13.4792026447719,0.962162910390389,0.791666666666667,0.791666666666667,2.70709118525908,3.14201388888891,-0.434922703629828
"Hrt",24,13.2227153643531,0.961413082152905,0.875,0.791666666666667,2.73404640065712,2.40625,0.32779640065712
"Hyp",24,13.7944240546543,0.963045416410398,0.708333333333333,0.708333333333333,2.67502559947033,3.92222222222222,-1.24719662275189
"Kid",24,12.8512156809256,0.960272695625242,1,0.875,2.77460140544916,2.27256944444445,0.502031961004716
"Liv",24,13.1728294357934,0.961263773110836,0.791666666666667,0.791666666666667,2.73937854635532,2.43472222222222,0.304656324133095
"Lun",24,12.5798150659137,0.959395972533917,1,0.916666666666667,2.8053627849409,2.26736111111111,0.538001673829797
"Mus",24,15.0514557790241,0.966189729909215,0.916666666666667,0.916666666666667,2.55761175522052,3.20381944444445,-0.646207689223926
"WFat",24,12.6687819133115,0.959687606368481,0.916666666666667,0.875,2.7951774681333,2.40590277777776,0.389274690355535
