"tissue","method","sample","donor","fold","truth","pred","circular_error","aligned","fold_failed"
"Adr","timetable","GSM1320991","GSM1320991",1,20,20.8333333333333,0.833333333333332,FALSE,FALSE
"Adr","timetable","GSM1320992","GSM1320992",1,22,22.75,0.75,FALSE,FALSE
"Adr","timetable","GSM1321002","GSM1321002",1,18,17.75,0.25,FALSE,FALSE
"Adr","timetable","GSM1321010","GSM1321010",1,10,11.1666666666667,1.16666666666667,FALSE,FALSE
"Adr","timetable","GSM1320993","GSM1320993",2,0,0.25,0.25,FALSE,FALSE
"Adr","timetable","GSM1320995","GSM1320995",2,4,3.41666666666667,0.583333333333333,FALSE,FALSE
"Adr","timetable","GSM1321008","GSM1321008",2,6,6.41666666666667,0.416666666666666,FALSE,FALSE
"Adr","timetable","GSM1321009","GSM1321009",2,8,8.25,0.25,FALSE,FALSE
"Adr","timetable","GSM1321004","GSM1321004",3,22,21.0833333333333,0.916666666666668,FALSE,FALSE
"Adr","timetable","GSM1321005","GSM1321005",3,0,23.5833333333333,0.416666666666668,FALSE,FALSE
"Adr","timetable","GSM1321011","GSM1321011",3,12,12.9166666666667,0.916666666666666,FALSE,FALSE
"Adr","timetable","GSM1321012","GSM1321012",3,14,15.5,1.5,FALSE,FALSE
"Adr","timetable","GSM1320990","GSM1320990",4,18,16.9166666666667,1.08333333333334,FALSE,FALSE
"Adr","timetable","GSM1320997","GSM1320997",4,8,7.66666666666667,0.333333333333334,FALSE,FALSE
"Adr","timetable","GSM1320999","GSM1320999",4,12,10.3333333333333,1.66666666666667,FALSE,FALSE
"Adr","timetable","GSM1321000","GSM1321000",4,14,12.9166666666667,1.08333333333333,FALSE,FALSE
"Adr","timetable","GSM1320994","GSM1320994",5,2,1.83333333333333,0.166666666666667,FALSE,FALSE
"Adr","timetable","GSM1320998","GSM1320998",5,10,10.1666666666667,0.166666666666666,FALSE,FALSE
"Adr","timetable","GSM1321003","GSM1321003",5,20,19.6666666666667,0.333333333333336,FALSE,FALSE
"Adr","timetable","GSM1321007","GSM1321007",5,4,4.83333333333333,0.833333333333333,FALSE,FALSE
"Adr","timetable","GSM1320996","GSM1320996",6,6,5.08333333333333,0.916666666666667,FALSE,FALSE
"Adr","timetable","GSM1321001","GSM1321001",6,16,15.8333333333333,0.166666666666668,FALSE,FALSE
"Adr","timetable","GSM1321006","GSM1321006",6,2,1.16666666666667,0.833333333333333,FALSE,FALSE
"Adr","timetable","GSM1321013","GSM1321013",6,16,17.3333333333333,1.33333333333333,FALSE,FALSE
"Adr","taufisher","GSM1320991","GSM1320991",1,20,21,1,FALSE,FALSE
"Adr","taufisher","GSM1320992","GSM1320992",1,22,23,1,FALSE,FALSE
"Adr","taufisher","GSM1321002","GSM1321002",1,18,18,0,FALSE,FALSE
"Adr","taufisher","GSM1321010","GSM1321010",1,10,11,1,FALSE,FALSE
"Adr","taufisher","GSM1320993","GSM1320993",2,0,1,1,FALSE,FALSE
"Adr","taufisher","GSM1320995","GSM1320995",2,4,4,0,FALSE,FALSE
"Adr","taufisher","GSM1321008","GSM1321008",2,6,5,1,FALSE,FALSE
"Adr","taufisher","GSM1321009","GSM1321009",2,8,8,0,FALSE,FALSE
"Adr","taufisher","GSM1321004","GSM1321004",3,22,21,1,FALSE,FALSE
"Adr","taufisher","GSM1321005","GSM1321005",3,0,23,1,FALSE,FALSE
"Adr","taufisher","GSM1321011","GSM1321011",3,12,13,1,FALSE,FALSE
"Adr","taufisher","GSM1321012","GSM1321012",3,14,15,1,FALSE,FALSE
"Adr","taufisher","GSM1320990","GSM1320990",4,18,17,1,FALSE,FALSE
"Adr","taufisher","GSM1320997","GSM1320997",4,8,8,0,FALSE,FALSE
"Adr","taufisher","GSM1320999","GSM1320999",4,12,10,2,FALSE,FALSE
"Adr","taufisher","GSM1321000","GSM1321000",4,14,13,1,FALSE,FALSE
"Adr","taufisher","GSM1320994","GSM1320994",5,2,2,0,FALSE,FALSE
"Adr","taufisher","GSM1320998","GSM1320998",5,10,10,0,FALSE,FALSE
"Adr","taufisher","GSM1321003","GSM1321003",5,20,20,0,FALSE,FALSE
"Adr","taufisher","GSM1321007","GSM1321007",5,4,4,0,FALSE,FALSE
"Adr","taufisher","GSM1320996","GSM1320996",6,6,NA,NA,FALSE,TRUE
"Adr","taufisher","GSM1321001","GSM1321001",6,16,NA,NA,FALSE,TRUE
"Adr","taufisher","GSM1321006","GSM1321006",6,2,NA,NA,FALSE,TRUE
"Adr","taufisher","GSM1321013","GSM1321013",6,16,NA,NA,FALSE,TRUE
"Adr","zeitzeiger","GSM1320991","GSM1320991",1,20,20.5659263170541,0.565926317054142,FALSE,FALSE
"Adr","zeitzeiger","GSM1320992","GSM1320992",1,22,23.2515698054284,1.25156980542835,FALSE,FALSE
"Adr","zeitzeiger","GSM1321002","GSM1321002",1,18,18.4173967748639,0.417396774863874,FALSE,FALSE
"Adr","zeitzeiger","GSM1321010","GSM1321010",1,10,10.7469302313572,0.746930231357194,FALSE,FALSE
"Adr","zeitzeiger","GSM1320993","GSM1320993",2,0,0.212592902923356,0.212592902923356,FALSE,FALSE
"Adr","zeitzeiger","GSM1320995","GSM1320995",2,4,3.3098191602767,0.690180839723295,FALSE,FALSE
"Adr","zeitzeiger","GSM1321008","GSM1321008",2,6,5.48288061100709,0.517119388992907,FALSE,FALSE
"Adr","zeitzeiger","GSM1321009","GSM1321009",2,8,7.56084846367352,0.439151536326482,FALSE,FALSE
"Adr","zeitzeiger","GSM1321004","GSM1321004",3,22,20.4769035234623,1.5230964765377,FALSE,FALSE
"Adr","zeitzeiger","GSM1321005","GSM1321005",3,0,22.9976048425212,1.00239515747878,FALSE,FALSE
"Adr","zeitzeiger","GSM1321011","GSM1321011",3,12,11.7078578819706,0.29214211802941,FALSE,FALSE
"Adr","zeitzeiger","GSM1321012","GSM1321012",3,14,15.554774498191,1.554774498191,FALSE,FALSE
"Adr","zeitzeiger","GSM1320990","GSM1320990",4,18,17.3286292554912,0.671370744508813,FALSE,FALSE
"Adr","zeitzeiger","GSM1320997","GSM1320997",4,8,8.40962683199458,0.409626831994583,FALSE,FALSE
"Adr","zeitzeiger","GSM1320999","GSM1320999",4,12,9.79001309039475,2.20998690960525,FALSE,FALSE
"Adr","zeitzeiger","GSM1321000","GSM1321000",4,14,12.111525185465,1.88847481453498,FALSE,FALSE
"Adr","zeitzeiger","GSM1320994","GSM1320994",5,2,0.520375736995064,1.47962426300494,FALSE,FALSE
"Adr","zeitzeiger","GSM1320998","GSM1320998",5,10,11.2265370385148,1.22653703851482,FALSE,FALSE
"Adr","zeitzeiger","GSM1321003","GSM1321003",5,20,21.1123139011858,1.11231390118583,FALSE,FALSE
"Adr","zeitzeiger","GSM1321007","GSM1321007",5,4,5.10510657290264,1.10510657290264,FALSE,FALSE
"Adr","zeitzeiger","GSM1320996","GSM1320996",6,6,4.70443628096815,1.29556371903185,FALSE,FALSE
"Adr","zeitzeiger","GSM1321001","GSM1321001",6,16,16.2144167549329,0.214416754932884,FALSE,FALSE
"Adr","zeitzeiger","GSM1321006","GSM1321006",6,2,0.36082236357069,1.63917763642931,FALSE,FALSE
"Adr","zeitzeiger","GSM1321013","GSM1321013",6,16,17.5702418935677,1.57024189356768,FALSE,FALSE
"Adr","timesignatr","GSM1320991","GSM1320991",1,20,20.7136243440571,0.71362434405707,FALSE,FALSE
"Adr","timesignatr","GSM1320992","GSM1320992",1,22,22.2212669629317,0.22126696293169,FALSE,FALSE
"Adr","timesignatr","GSM1321002","GSM1321002",1,18,18.5328395971742,0.532839597174171,FALSE,FALSE
"Adr","timesignatr","GSM1321010","GSM1321010",1,10,11.4119347103138,1.41193471031382,FALSE,FALSE
"Adr","timesignatr","GSM1320993","GSM1320993",2,0,22.8364383928981,1.16356160710187,FALSE,FALSE
"Adr","timesignatr","GSM1320995","GSM1320995",2,4,3.00093305537782,0.999066944622184,FALSE,FALSE
"Adr","timesignatr","GSM1321008","GSM1321008",2,6,5.47917685993453,0.52082314006547,FALSE,FALSE
"Adr","timesignatr","GSM1321009","GSM1321009",2,8,7.91891457712698,0.0810854228730218,FALSE,FALSE
"Adr","timesignatr","GSM1321004","GSM1321004",3,22,20.7777947428103,1.22220525718971,FALSE,FALSE
"Adr","timesignatr","GSM1321005","GSM1321005",3,0,21.9156843031985,2.08431569680146,FALSE,FALSE
"Adr","timesignatr","GSM1321011","GSM1321011",3,12,14.5980190768325,2.59801907683255,FALSE,FALSE
"Adr","timesignatr","GSM1321012","GSM1321012",3,14,15.2462292816979,1.24622928169793,FALSE,FALSE
"Adr","timesignatr","GSM1320990","GSM1320990",4,18,17.1853969771048,0.814603022895156,FALSE,FALSE
"Adr","timesignatr","GSM1320997","GSM1320997",4,8,7.4507946573851,0.549205342614897,FALSE,FALSE
"Adr","timesignatr","GSM1320999","GSM1320999",4,12,10.6431616159229,1.35683838407705,FALSE,FALSE
"Adr","timesignatr","GSM1321000","GSM1321000",4,14,12.8378579133053,1.16214208669467,FALSE,FALSE
"Adr","timesignatr","GSM1320994","GSM1320994",5,2,1.66068941375841,0.339310586241588,FALSE,FALSE
"Adr","timesignatr","GSM1320998","GSM1320998",5,10,10.2378239682485,0.237823968248531,FALSE,FALSE
"Adr","timesignatr","GSM1321003","GSM1321003",5,20,20.0697948546719,0.0697948546718621,FALSE,FALSE
"Adr","timesignatr","GSM1321007","GSM1321007",5,4,5.16872723545114,1.16872723545114,FALSE,FALSE
"Adr","timesignatr","GSM1320996","GSM1320996",6,6,5.39533598133256,0.604664018667436,FALSE,FALSE
"Adr","timesignatr","GSM1321001","GSM1321001",6,16,15.7870780332787,0.212921966721282,FALSE,FALSE
"Adr","timesignatr","GSM1321006","GSM1321006",6,2,22.6209907882268,3.37900921177319,FALSE,FALSE
"Adr","timesignatr","GSM1321013","GSM1321013",6,16,18.1333737754578,2.1333737754578,FALSE,FALSE
"Aor","timetable","GSM1321015","GSM1321015",1,20,20.3333333333333,0.333333333333332,FALSE,FALSE
"Aor","timetable","GSM1321016","GSM1321016",1,22,22.8333333333333,0.833333333333332,FALSE,FALSE
"Aor","timetable","GSM1321026","GSM1321026",1,18,17.75,0.25,FALSE,FALSE
"Aor","timetable","GSM1321034","GSM1321034",1,10,10.5833333333333,0.583333333333332,FALSE,FALSE
"Aor","timetable","GSM1321017","GSM1321017",2,0,0.0833333333333333,0.0833333333333333,FALSE,FALSE
"Aor","timetable","GSM1321019","GSM1321019",2,4,3.66666666666667,0.333333333333333,FALSE,FALSE
"Aor","timetable","GSM1321032","GSM1321032",2,6,6.91666666666667,0.916666666666666,FALSE,FALSE
"Aor","timetable","GSM1321033","GSM1321033",2,8,9,1,FALSE,FALSE
"Aor","timetable","GSM1321028","GSM1321028",3,22,20.75,1.25,FALSE,FALSE
"Aor","timetable","GSM1321029","GSM1321029",3,0,23.6666666666667,0.333333333333336,FALSE,FALSE
"Aor","timetable","GSM1321035","GSM1321035",3,12,12.3333333333333,0.333333333333332,FALSE,FALSE
"Aor","timetable","GSM1321036","GSM1321036",3,14,15.0833333333333,1.08333333333333,FALSE,FALSE
"Aor","timetable","GSM1321014","GSM1321014",4,18,17.5833333333333,0.416666666666668,FALSE,FALSE
"Aor","timetable","GSM1321021","GSM1321021",4,8,8,0,FALSE,FALSE
"Aor","timetable","GSM1321023","GSM1321023",4,12,11.25,0.75,FALSE,FALSE
"Aor","timetable","GSM1321024","GSM1321024",4,14,13.1666666666667,0.833333333333334,FALSE,FALSE
"Aor","timetable","GSM1321018","GSM1321018",5,2,2,0,FALSE,FALSE
"Aor","timetable","GSM1321022","GSM1321022",5,10,9,1,FALSE,FALSE
"Aor","timetable","GSM1321027","GSM1321027",5,20,20.4166666666667,0.416666666666664,FALSE,FALSE
"Aor","timetable","GSM1321031","GSM1321031",5,4,4.91666666666667,0.916666666666666,FALSE,FALSE
"Aor","timetable","GSM1321020","GSM1321020",6,6,5,1,FALSE,FALSE
"Aor","timetable","GSM1321025","GSM1321025",6,16,16.3333333333333,0.333333333333332,FALSE,FALSE
"Aor","timetable","GSM1321030","GSM1321030",6,2,23.8333333333333,2.16666666666667,FALSE,FALSE
"Aor","timetable","GSM1321037","GSM1321037",6,16,16.75,0.75,FALSE,FALSE
"Aor","taufisher","GSM1321015","GSM1321015",1,20,20,0,FALSE,FALSE
"Aor","taufisher","GSM1321016","GSM1321016",1,22,22,0,FALSE,FALSE
"Aor","taufisher","GSM1321026","GSM1321026",1,18,17,1,FALSE,FALSE
"Aor","taufisher","GSM1321034","GSM1321034",1,10,10,0,FALSE,FALSE
"Aor","taufisher","GSM1321017","GSM1321017",2,0,0,0,FALSE,FALSE
"Aor","taufisher","GSM1321019","GSM1321019",2,4,3,1,FALSE,FALSE
"Aor","taufisher","GSM1321032","GSM1321032",2,6,7,1,FALSE,FALSE
"Aor","taufisher","GSM1321033","GSM1321033",2,8,8,0,FALSE,FALSE
"Aor","taufisher","GSM1321028","GSM1321028",3,22,21,1,FALSE,FALSE
"Aor","taufisher","GSM1321029","GSM1321029",3,0,0,0,FALSE,FALSE
"Aor","taufisher","GSM1321035","GSM1321035",3,12,12,0,FALSE,FALSE
"Aor","taufisher","GSM1321036","GSM1321036",3,14,15,1,FALSE,FALSE
"Aor","taufisher","GSM1321014","GSM1321014",4,18,18,0,FALSE,FALSE
"Aor","taufisher","GSM1321021","GSM1321021",4,8,8,0,FALSE,FALSE
"Aor","taufisher","GSM1321023","GSM1321023",4,12,10,2,FALSE,FALSE
"Aor","taufisher","GSM1321024","GSM1321024",4,14,13,1,FALSE,FALSE
"Aor","taufisher","GSM1321018","GSM1321018",5,2,2,0,FALSE,FALSE
"Aor","taufisher","GSM1321022","GSM1321022",5,10,10,0,FALSE,FALSE
"Aor","taufisher","GSM1321027","GSM1321027",5,20,20,0,FALSE,FALSE
"Aor","taufisher","GSM1321031","GSM1321031",5,4,5,1,FALSE,FALSE
"Aor","taufisher","GSM1321020","GSM1321020",6,6,NA,NA,FALSE,TRUE
"Aor","taufisher","GSM1321025","GSM1321025",6,16,NA,NA,FALSE,TRUE
"Aor","taufisher","GSM1321030","GSM1321030",6,2,NA,NA,FALSE,TRUE
"Aor","taufisher","GSM1321037","GSM1321037",6,16,NA,NA,FALSE,TRUE
"Aor","zeitzeiger","GSM1321015","GSM1321015",1,20,21.1116315058278,1.1116315058278,FALSE,FALSE
"Aor","zeitzeiger","GSM1321016","GSM1321016",1,22,23.0129798710352,1.01297987103517,FALSE,FALSE
"Aor","zeitzeiger","GSM1321026","GSM1321026",1,18,18.2267298309782,0.226729830978208,FALSE,FALSE
"Aor","zeitzeiger","GSM1321034","GSM1321034",1,10,10.1213429785959,0.121342978595896,FALSE,FALSE
"Aor","zeitzeiger","GSM1321017","GSM1321017",2,0,0.2772504596567,0.2772504596567,FALSE,FALSE
"Aor","zeitzeiger","GSM1321019","GSM1321019",2,4,3.04076052688243,0.959239473117568,FALSE,FALSE
"Aor","zeitzeiger","GSM1321032","GSM1321032",2,6,5.38944620394247,0.610553796057525,FALSE,FALSE
"Aor","zeitzeiger","GSM1321033","GSM1321033",2,8,8.70237887649246,0.702378876492457,FALSE,FALSE
"Aor","zeitzeiger","GSM1321028","GSM1321028",3,22,20.2280785385258,1.77192146147424,FALSE,FALSE
"Aor","zeitzeiger","GSM1321029","GSM1321029",3,0,23.6622411653383,0.337758834661656,FALSE,FALSE
"Aor","zeitzeiger","GSM1321035","GSM1321035",3,12,11.0817989388807,0.918201061119294,FALSE,FALSE
"Aor","zeitzeiger","GSM1321036","GSM1321036",3,14,14.1497839704019,0.149783970401934,FALSE,FALSE
"Aor","zeitzeiger","GSM1321014","GSM1321014",4,18,18.0118888493544,0.011888849354353,FALSE,FALSE
"Aor","zeitzeiger","GSM1321021","GSM1321021",4,8,8.40073212669698,0.40073212669698,FALSE,FALSE
"Aor","zeitzeiger","GSM1321023","GSM1321023",4,12,10.5954773544327,1.40452264556732,FALSE,FALSE
"Aor","zeitzeiger","GSM1321024","GSM1321024",4,14,12.5344064882516,1.46559351174841,FALSE,FALSE
"Aor","zeitzeiger","GSM1321018","GSM1321018",5,2,2.53217562374573,0.532175623745732,FALSE,FALSE
"Aor","zeitzeiger","GSM1321022","GSM1321022",5,10,10.8743638323871,0.874363832387125,FALSE,FALSE
"Aor","zeitzeiger","GSM1321027","GSM1321027",5,20,20.9514571329019,0.951457132901854,FALSE,FALSE
"Aor","zeitzeiger","GSM1321031","GSM1321031",5,4,4.76628531903419,0.766285319034195,FALSE,FALSE
"Aor","zeitzeiger","GSM1321020","GSM1321020",6,6,4.78588913516131,1.21411086483869,FALSE,FALSE
"Aor","zeitzeiger","GSM1321025","GSM1321025",6,16,16.2840276952414,0.284027695241402,FALSE,FALSE
"Aor","zeitzeiger","GSM1321030","GSM1321030",6,2,1.29761450476585,0.702385495234145,FALSE,FALSE
"Aor","zeitzeiger","GSM1321037","GSM1321037",6,16,17.1817142225,1.1817142225,FALSE,FALSE
"Aor","timesignatr","GSM1321015","GSM1321015",1,20,20.3955949982007,0.395594998200728,FALSE,FALSE
"Aor","timesignatr","GSM1321016","GSM1321016",1,22,22.4977889112619,0.497788911261885,FALSE,FALSE
"Aor","timesignatr","GSM1321026","GSM1321026",1,18,17.3152636780011,0.684736321998944,FALSE,FALSE
"Aor","timesignatr","GSM1321034","GSM1321034",1,10,10.8834288789154,0.883428878915447,FALSE,FALSE
"Aor","timesignatr","GSM1321017","GSM1321017",2,0,23.5761950411849,0.423804958815133,FALSE,FALSE
"Aor","timesignatr","GSM1321019","GSM1321019",2,4,3.27493931069392,0.725060689306077,FALSE,FALSE
"Aor","timesignatr","GSM1321032","GSM1321032",2,6,6.20272734876434,0.20272734876434,FALSE,FALSE
"Aor","timesignatr","GSM1321033","GSM1321033",2,8,9.12416598682014,1.12416598682014,FALSE,FALSE
"Aor","timesignatr","GSM1321028","GSM1321028",3,22,22.584891608277,0.584891608277022,FALSE,FALSE
"Aor","timesignatr","GSM1321029","GSM1321029",3,0,22.8973862772302,1.10261372276981,FALSE,FALSE
"Aor","timesignatr","GSM1321035","GSM1321035",3,12,12.2614884630975,0.261488463097514,FALSE,FALSE
"Aor","timesignatr","GSM1321036","GSM1321036",3,14,14.8562363753864,0.856236375386379,FALSE,FALSE
"Aor","timesignatr","GSM1321014","GSM1321014",4,18,17.7196313129002,0.280368687099795,FALSE,FALSE
"Aor","timesignatr","GSM1321021","GSM1321021",4,8,8.21297765977632,0.212977659776318,FALSE,FALSE
"Aor","timesignatr","GSM1321023","GSM1321023",4,12,11.0939252214109,0.906074778589081,FALSE,FALSE
"Aor","timesignatr","GSM1321024","GSM1321024",4,14,13.3067216194066,0.69327838059341,FALSE,FALSE
"Aor","timesignatr","GSM1321018","GSM1321018",5,2,21.7088788107641,4.29112118923594,FALSE,FALSE
"Aor","timesignatr","GSM1321022","GSM1321022",5,10,8.63361304552356,1.36638695447644,FALSE,FALSE
"Aor","timesignatr","GSM1321027","GSM1321027",5,20,19.891343894963,0.108656105036964,FALSE,FALSE
"Aor","timesignatr","GSM1321031","GSM1321031",5,4,5.31469494091092,1.31469494091092,FALSE,FALSE
"Aor","timesignatr","GSM1321020","GSM1321020",6,6,5.92432249550743,0.0756775044925737,FALSE,FALSE
"Aor","timesignatr","GSM1321025","GSM1321025",6,16,16.5273096038092,0.527309603809211,FALSE,FALSE
"Aor","timesignatr","GSM1321030","GSM1321030",6,2,0.401449788343664,1.59855021165634,FALSE,FALSE
"Aor","timesignatr","GSM1321037","GSM1321037",6,16,17.0583408377467,1.05834083774674,FALSE,FALSE
"Bstm","timetable","GSM1321039","GSM1321039",1,20,21.25,1.25,FALSE,FALSE
"Bstm","timetable","GSM1321040","GSM1321040",1,22,23.4166666666667,1.41666666666666,FALSE,FALSE
"Bstm","timetable","GSM1321050","GSM1321050",1,18,18.4166666666667,0.416666666666664,FALSE,FALSE
"Bstm","timetable","GSM1321058","GSM1321058",1,10,9.91666666666667,0.0833333333333339,FALSE,FALSE
"Bstm","timetable","GSM1321041","GSM1321041",2,0,22.9166666666667,1.08333333333334,FALSE,FALSE
"Bstm","timetable","GSM1321043","GSM1321043",2,4,3.58333333333333,0.416666666666667,FALSE,FALSE
"Bstm","timetable","GSM1321056","GSM1321056",2,6,5.75,0.25,FALSE,FALSE
"Bstm","timetable","GSM1321057","GSM1321057",2,8,8,0,FALSE,FALSE
"Bstm","timetable","GSM1321052","GSM1321052",3,22,21.3333333333333,0.666666666666668,FALSE,FALSE
"Bstm","timetable","GSM1321053","GSM1321053",3,0,21.8333333333333,2.16666666666667,FALSE,FALSE
"Bstm","timetable","GSM1321059","GSM1321059",3,12,12.25,0.25,FALSE,FALSE
"Bstm","timetable","GSM1321060","GSM1321060",3,14,15.0833333333333,1.08333333333333,FALSE,FALSE
"Bstm","timetable","GSM1321038","GSM1321038",4,18,18.25,0.25,FALSE,FALSE
"Bstm","timetable","GSM1321045","GSM1321045",4,8,6.75,1.25,FALSE,FALSE
"Bstm","timetable","GSM1321047","GSM1321047",4,12,10.4166666666667,1.58333333333333,FALSE,FALSE
"Bstm","timetable","GSM1321048","GSM1321048",4,14,14.3333333333333,0.333333333333332,FALSE,FALSE
"Bstm","timetable","GSM1321042","GSM1321042",5,2,2.41666666666667,0.416666666666667,FALSE,FALSE
"Bstm","timetable","GSM1321046","GSM1321046",5,10,9.25,0.75,FALSE,FALSE
"Bstm","timetable","GSM1321051","GSM1321051",5,20,20.3333333333333,0.333333333333332,FALSE,FALSE
"Bstm","timetable","GSM1321055","GSM1321055",5,4,5.5,1.5,FALSE,FALSE
"Bstm","timetable","GSM1321044","GSM1321044",6,6,5.91666666666667,0.0833333333333339,FALSE,FALSE
"Bstm","timetable","GSM1321049","GSM1321049",6,16,15.75,0.25,FALSE,FALSE
"Bstm","timetable","GSM1321054","GSM1321054",6,2,0.416666666666667,1.58333333333333,FALSE,FALSE
"Bstm","timetable","GSM1321061","GSM1321061",6,16,16.4166666666667,0.416666666666664,FALSE,FALSE
"Bstm","taufisher","GSM1321039","GSM1321039",1,20,21,1,FALSE,FALSE
"Bstm","taufisher","GSM1321040","GSM1321040",1,22,0,2,FALSE,FALSE
"Bstm","taufisher","GSM1321050","GSM1321050",1,18,16,2,FALSE,FALSE
"Bstm","taufisher","GSM1321058","GSM1321058",1,10,11,1,FALSE,FALSE
"Bstm","taufisher","GSM1321041","GSM1321041",2,0,0,0,FALSE,FALSE
"Bstm","taufisher","GSM1321043","GSM1321043",2,4,2,2,FALSE,FALSE
"Bstm","taufisher","GSM1321056","GSM1321056",2,6,6,0,FALSE,FALSE
"Bstm","taufisher","GSM1321057","GSM1321057",2,8,8,0,FALSE,FALSE
"Bstm","taufisher","GSM1321052","GSM1321052",3,22,0,2,FALSE,FALSE
"Bstm","taufisher","GSM1321053","GSM1321053",3,0,23,1,FALSE,FALSE
"Bstm","taufisher","GSM1321059","GSM1321059",3,12,13,1,FALSE,FALSE
"Bstm","taufisher","GSM1321060","GSM1321060",3,14,15,1,FALSE,FALSE
"Bstm","taufisher","GSM1321038","GSM1321038",4,18,16,2,FALSE,FALSE
"Bstm","taufisher","GSM1321045","GSM1321045",4,8,7,1,FALSE,FALSE
"Bstm","taufisher","GSM1321047","GSM1321047",4,12,11,1,FALSE,FALSE
"Bstm","taufisher","GSM1321048","GSM1321048",4,14,14,0,FALSE,FALSE
"Bstm","taufisher","GSM1321042","GSM1321042",5,2,0,2,FALSE,FALSE
"Bstm","taufisher","GSM1321046","GSM1321046",5,10,9,1,FALSE,FALSE
"Bstm","taufisher","GSM1321051","GSM1321051",5,20,0,4,FALSE,FALSE
"Bstm","taufisher","GSM1321055","GSM1321055",5,4,6,2,FALSE,FALSE
"Bstm","taufisher","GSM1321044","GSM1321044",6,6,NA,NA,FALSE,TRUE
"Bstm","taufisher","GSM1321049","GSM1321049",6,16,NA,NA,FALSE,TRUE
"Bstm","taufisher","GSM1321054","GSM1321054",6,2,NA,NA,FALSE,TRUE
"Bstm","taufisher","GSM1321061","GSM1321061",6,16,NA,NA,FALSE,TRUE
"Bstm","zeitzeiger","GSM1321039","GSM1321039",1,20,21.2920124322645,1.2920124322645,FALSE,FALSE
"Bstm","zeitzeiger","GSM1321040","GSM1321040",1,22,22.6214613762817,0.621461376281687,FALSE,FALSE
"Bstm","zeitzeiger","GSM1321050","GSM1321050",1,18,16.9628375248792,1.03716247512084,FALSE,FALSE
"Bstm","zeitzeiger","GSM1321058","GSM1321058",1,10,9.72468083457857,0.275319165421431,FALSE,FALSE
"Bstm","zeitzeiger","GSM1321041","GSM1321041",2,0,21.5365593897105,2.46344061028945,FALSE,FALSE
"Bstm","zeitzeiger","GSM1321043","GSM1321043",2,4,5.90861796051759,1.90861796051759,FALSE,FALSE
"Bstm","zeitzeiger","GSM1321056","GSM1321056",2,6,7.47998484952862,1.47998484952862,FALSE,FALSE
"Bstm","zeitzeiger","GSM1321057","GSM1321057",2,8,8.99809745516265,0.998097455162652,FALSE,FALSE
"Bstm","zeitzeiger","GSM1321052","GSM1321052",3,22,23.1229552728753,1.12295527287527,FALSE,FALSE
"Bstm","zeitzeiger","GSM1321053","GSM1321053",3,0,1.1739642190436,1.1739642190436,FALSE,FALSE
"Bstm","zeitzeiger","GSM1321059","GSM1321059",3,12,10.7642027656701,1.2357972343299,FALSE,FALSE
"Bstm","zeitzeiger","GSM1321060","GSM1321060",3,14,15.4715989705168,1.47159897051678,FALSE,FALSE
"Bstm","zeitzeiger","GSM1321038","GSM1321038",4,18,16.7697255250301,1.2302744749699,FALSE,FALSE
"Bstm","zeitzeiger","GSM1321045","GSM1321045",4,8,7.01060908440846,0.989390915591535,FALSE,FALSE
"Bstm","zeitzeiger","GSM1321047","GSM1321047",4,12,9.64608344302365,2.35391655697635,FALSE,FALSE
"Bstm","zeitzeiger","GSM1321048","GSM1321048",4,14,13.6517800358244,0.348219964175613,FALSE,FALSE
"Bstm","zeitzeiger","GSM1321042","GSM1321042",5,2,1.08162452005941,0.918375479940589,FALSE,FALSE
"Bstm","zeitzeiger","GSM1321046","GSM1321046",5,10,10.9092032736786,0.909203273678617,FALSE,FALSE
"Bstm","zeitzeiger","GSM1321051","GSM1321051",5,20,19.9414295898821,0.0585704101179054,FALSE,FALSE
"Bstm","zeitzeiger","GSM1321055","GSM1321055",5,4,5.04129541756063,1.04129541756063,FALSE,FALSE
"Bstm","zeitzeiger","GSM1321044","GSM1321044",6,6,5.18509356359647,0.814906436403531,FALSE,FALSE
"Bstm","zeitzeiger","GSM1321049","GSM1321049",6,16,16.290575792794,0.29057579279398,FALSE,FALSE
"Bstm","zeitzeiger","GSM1321054","GSM1321054",6,2,0.947117496784201,1.0528825032158,FALSE,FALSE
"Bstm","zeitzeiger","GSM1321061","GSM1321061",6,16,17.6649045467905,1.66490454679053,FALSE,FALSE
"Bstm","timesignatr","GSM1321039","GSM1321039",1,20,20.450932204417,0.450932204417011,FALSE,FALSE
"Bstm","timesignatr","GSM1321040","GSM1321040",1,22,22.5343462682025,0.534346268202537,FALSE,FALSE
"Bstm","timesignatr","GSM1321050","GSM1321050",1,18,18.7904965888905,0.790496588890509,FALSE,FALSE
"Bstm","timesignatr","GSM1321058","GSM1321058",1,10,10.8790005678741,0.879000567874145,FALSE,FALSE
"Bstm","timesignatr","GSM1321041","GSM1321041",2,0,23.506594311729,0.493405688270968,FALSE,FALSE
"Bstm","timesignatr","GSM1321043","GSM1321043",2,4,2.44090262737451,1.55909737262549,FALSE,FALSE
"Bstm","timesignatr","GSM1321056","GSM1321056",2,6,6.07734632388621,0.0773463238862115,FALSE,FALSE
"Bstm","timesignatr","GSM1321057","GSM1321057",2,8,9.58042120997918,1.58042120997918,FALSE,FALSE
"Bstm","timesignatr","GSM1321052","GSM1321052",3,22,21.452515867399,0.547484132601003,FALSE,FALSE
"Bstm","timesignatr","GSM1321053","GSM1321053",3,0,22.0971566557688,1.90284334423117,FALSE,FALSE
"Bstm","timesignatr","GSM1321059","GSM1321059",3,12,12.6245579259904,0.624557925990386,FALSE,FALSE
"Bstm","timesignatr","GSM1321060","GSM1321060",3,14,14.9424007407208,0.942400740720753,FALSE,FALSE
"Bstm","timesignatr","GSM1321038","GSM1321038",4,18,16.8336545375479,1.16634546245215,FALSE,FALSE
"Bstm","timesignatr","GSM1321045","GSM1321045",4,8,6.74412510322955,1.25587489677045,FALSE,FALSE
"Bstm","timesignatr","GSM1321047","GSM1321047",4,12,10.1758382887864,1.82416171121365,FALSE,FALSE
"Bstm","timesignatr","GSM1321048","GSM1321048",4,14,13.8482804498905,0.151719550109501,FALSE,FALSE
"Bstm","timesignatr","GSM1321042","GSM1321042",5,2,2.16073924670804,0.160739246708037,FALSE,FALSE
"Bstm","timesignatr","GSM1321046","GSM1321046",5,10,10.1542942797369,0.154294279736943,FALSE,FALSE
"Bstm","timesignatr","GSM1321051","GSM1321051",5,20,21.3222987410924,1.32229874109236,FALSE,FALSE
"Bstm","timesignatr","GSM1321055","GSM1321055",5,4,5.98012132092525,1.98012132092525,FALSE,FALSE
"Bstm","timesignatr","GSM1321044","GSM1321044",6,6,5.73305809451017,0.266941905489832,FALSE,FALSE
"Bstm","timesignatr","GSM1321049","GSM1321049",6,16,14.7591264523897,1.24087354761027,FALSE,FALSE
"Bstm","timesignatr","GSM1321054","GSM1321054",6,2,1.61666892831978,0.383331071680221,FALSE,FALSE
"Bstm","timesignatr","GSM1321061","GSM1321061",6,16,16.1895418941556,0.189541894155596,FALSE,FALSE
"BFat","timetable","GSM1321063","GSM1321063",1,20,20.0833333333333,0.0833333333333321,FALSE,FALSE
"BFat","timetable","GSM1321064","GSM1321064",1,22,22.75,0.75,FALSE,FALSE
"BFat","timetable","GSM1321074","GSM1321074",1,18,18.4166666666667,0.416666666666664,FALSE,FALSE
"BFat","timetable","GSM1321082","GSM1321082",1,10,10.5833333333333,0.583333333333332,FALSE,FALSE
"BFat","timetable","GSM1321065","GSM1321065",2,0,0.333333333333333,0.333333333333333,FALSE,FALSE
"BFat","timetable","GSM1321067","GSM1321067",2,4,3.25,0.75,FALSE,FALSE
"BFat","timetable","GSM1321080","GSM1321080",2,6,6,0,FALSE,FALSE
"BFat","timetable","GSM1321081","GSM1321081",2,8,8.08333333333333,0.0833333333333321,FALSE,FALSE
"BFat","timetable","GSM1321076","GSM1321076",3,22,21.3333333333333,0.666666666666668,FALSE,FALSE
"BFat","timetable","GSM1321077","GSM1321077",3,0,23.6666666666667,0.333333333333336,FALSE,FALSE
"BFat","timetable","GSM1321083","GSM1321083",3,12,11.5,0.5,FALSE,FALSE
"BFat","timetable","GSM1321084","GSM1321084",3,14,14.4166666666667,0.416666666666666,FALSE,FALSE
"BFat","timetable","GSM1321062","GSM1321062",4,18,18.25,0.25,FALSE,FALSE
"BFat","timetable","GSM1321069","GSM1321069",4,8,7.5,0.5,FALSE,FALSE
"BFat","timetable","GSM1321071","GSM1321071",4,12,10.8333333333333,1.16666666666667,FALSE,FALSE
"BFat","timetable","GSM1321072","GSM1321072",4,14,13.3333333333333,0.666666666666668,FALSE,FALSE
"BFat","timetable","GSM1321066","GSM1321066",5,2,2.16666666666667,0.166666666666667,FALSE,FALSE
"BFat","timetable","GSM1321070","GSM1321070",5,10,9.58333333333333,0.416666666666668,FALSE,FALSE
"BFat","timetable","GSM1321075","GSM1321075",5,20,21.25,1.25,FALSE,FALSE
"BFat","timetable","GSM1321079","GSM1321079",5,4,5.08333333333333,1.08333333333333,FALSE,FALSE
"BFat","timetable","GSM1321068","GSM1321068",6,6,5.41666666666667,0.583333333333334,FALSE,FALSE
"BFat","timetable","GSM1321073","GSM1321073",6,16,15.1666666666667,0.833333333333334,FALSE,FALSE
"BFat","timetable","GSM1321078","GSM1321078",6,2,1.58333333333333,0.416666666666667,FALSE,FALSE
"BFat","timetable","GSM1321085","GSM1321085",6,16,15.8333333333333,0.166666666666668,FALSE,FALSE
"BFat","taufisher","GSM1321063","GSM1321063",1,20,20,0,FALSE,FALSE
"BFat","taufisher","GSM1321064","GSM1321064",1,22,21,1,FALSE,FALSE
"BFat","taufisher","GSM1321074","GSM1321074",1,18,18,0,FALSE,FALSE
"BFat","taufisher","GSM1321082","GSM1321082",1,10,10,0,FALSE,FALSE
"BFat","taufisher","GSM1321065","GSM1321065",2,0,0,0,FALSE,FALSE
"BFat","taufisher","GSM1321067","GSM1321067",2,4,3,1,FALSE,FALSE
"BFat","taufisher","GSM1321080","GSM1321080",2,6,6,0,FALSE,FALSE
"BFat","taufisher","GSM1321081","GSM1321081",2,8,9,1,FALSE,FALSE
"BFat","taufisher","GSM1321076","GSM1321076",3,22,21,1,FALSE,FALSE
"BFat","taufisher","GSM1321077","GSM1321077",3,0,0,0,FALSE,FALSE
"BFat","taufisher","GSM1321083","GSM1321083",3,12,12,0,FALSE,FALSE
"BFat","taufisher","GSM1321084","GSM1321084",3,14,14,0,FALSE,FALSE
"BFat","taufisher","GSM1321062","GSM1321062",4,18,18,0,FALSE,FALSE
"BFat","taufisher","GSM1321069","GSM1321069",4,8,8,0,FALSE,FALSE
"BFat","taufisher","GSM1321071","GSM1321071",4,12,10,2,FALSE,FALSE
"BFat","taufisher","GSM1321072","GSM1321072",4,14,13,1,FALSE,FALSE
"BFat","taufisher","GSM1321066","GSM1321066",5,2,2,0,FALSE,FALSE
"BFat","taufisher","GSM1321070","GSM1321070",5,10,11,1,FALSE,FALSE
"BFat","taufisher","GSM1321075","GSM1321075",5,20,21,1,FALSE,FALSE
"BFat","taufisher","GSM1321079","GSM1321079",5,4,6,2,FALSE,FALSE
"BFat","taufisher","GSM1321068","GSM1321068",6,6,NA,NA,FALSE,TRUE
"BFat","taufisher","GSM1321073","GSM1321073",6,16,NA,NA,FALSE,TRUE
"BFat","taufisher","GSM1321078","GSM1321078",6,2,NA,NA,FALSE,TRUE
"BFat","taufisher","GSM1321085","GSM1321085",6,16,NA,NA,FALSE,TRUE
"BFat","zeitzeiger","GSM1321063","GSM1321063",1,20,18.9532853161683,1.04671468383168,FALSE,FALSE
"BFat","zeitzeiger","GSM1321064","GSM1321064",1,22,23.0888309155225,1.08883091552254,FALSE,FALSE
"BFat","zeitzeiger","GSM1321074","GSM1321074",1,18,17.9433818353257,0.0566181646742834,FALSE,FALSE
"BFat","zeitzeiger","GSM1321082","GSM1321082",1,10,12.2069697728227,2.20696977282271,FALSE,FALSE
"BFat","zeitzeiger","GSM1321065","GSM1321065",2,0,0,0,FALSE,FALSE
"BFat","zeitzeiger","GSM1321067","GSM1321067",2,4,3.76926206558897,0.230737934411031,FALSE,FALSE
"BFat","zeitzeiger","GSM1321080","GSM1321080",2,6,7.14779319207408,1.14779319207408,FALSE,FALSE
"BFat","zeitzeiger","GSM1321081","GSM1321081",2,8,9.34333483652724,1.34333483652724,FALSE,FALSE
"BFat","zeitzeiger","GSM1321076","GSM1321076",3,22,20.476400008475,1.52359999152503,FALSE,FALSE
"BFat","zeitzeiger","GSM1321077","GSM1321077",3,0,0.069844863023329,0.069844863023329,FALSE,FALSE
"BFat","zeitzeiger","GSM1321083","GSM1321083",3,12,10.6183565154199,1.38164348458015,FALSE,FALSE
"BFat","zeitzeiger","GSM1321084","GSM1321084",3,14,14.3319356441484,0.331935644148375,FALSE,FALSE
"BFat","zeitzeiger","GSM1321062","GSM1321062",4,18,18.4351932533671,0.435193253367068,FALSE,FALSE
"BFat","zeitzeiger","GSM1321069","GSM1321069",4,8,7.58212263684077,0.417877363159235,FALSE,FALSE
"BFat","zeitzeiger","GSM1321071","GSM1321071",4,12,10.6719346598372,1.32806534016276,FALSE,FALSE
"BFat","zeitzeiger","GSM1321072","GSM1321072",4,14,12.4466213034743,1.55337869652567,FALSE,FALSE
"BFat","zeitzeiger","GSM1321066","GSM1321066",5,2,2.17432397159782,0.174323971597823,FALSE,FALSE
"BFat","zeitzeiger","GSM1321070","GSM1321070",5,10,10.6380361814196,0.638036181419555,FALSE,FALSE
"BFat","zeitzeiger","GSM1321075","GSM1321075",5,20,20.2939212377915,0.293921237791537,FALSE,FALSE
"BFat","zeitzeiger","GSM1321079","GSM1321079",5,4,5.68794600738004,1.68794600738004,FALSE,FALSE
"BFat","zeitzeiger","GSM1321068","GSM1321068",6,6,5.31256296399181,0.687437036008189,FALSE,FALSE
"BFat","zeitzeiger","GSM1321073","GSM1321073",6,16,16.1498898538641,0.149889853864064,FALSE,FALSE
"BFat","zeitzeiger","GSM1321078","GSM1321078",6,2,1.30314724296488,0.696852757035125,FALSE,FALSE
"BFat","zeitzeiger","GSM1321085","GSM1321085",6,16,16.5582289708433,0.558228970843274,FALSE,FALSE
"BFat","timesignatr","GSM1321063","GSM1321063",1,20,20.897916866384,0.897916866384033,FALSE,FALSE
"BFat","timesignatr","GSM1321064","GSM1321064",1,22,23.3001475693913,1.30014756939134,FALSE,FALSE
"BFat","timesignatr","GSM1321074","GSM1321074",1,18,18.3468068697066,0.346806869706597,FALSE,FALSE
"BFat","timesignatr","GSM1321082","GSM1321082",1,10,10.7002803818537,0.700280381853691,FALSE,FALSE
"BFat","timesignatr","GSM1321065","GSM1321065",2,0,23.7355918502091,0.264408149790945,FALSE,FALSE
"BFat","timesignatr","GSM1321067","GSM1321067",2,4,3.13691434382168,0.863085656178317,FALSE,FALSE
"BFat","timesignatr","GSM1321080","GSM1321080",2,6,5.44023855485797,0.559761445142025,FALSE,FALSE
"BFat","timesignatr","GSM1321081","GSM1321081",2,8,8.57385415162066,0.57385415162066,FALSE,FALSE
"BFat","timesignatr","GSM1321076","GSM1321076",3,22,21.2872166121752,0.712783387824786,FALSE,FALSE
"BFat","timesignatr","GSM1321077","GSM1321077",3,0,23.9720818196121,0.0279181803879247,FALSE,FALSE
"BFat","timesignatr","GSM1321083","GSM1321083",3,12,11.6046667379046,0.395333262095395,FALSE,FALSE
"BFat","timesignatr","GSM1321084","GSM1321084",3,14,13.8466672936077,0.153332706392288,FALSE,FALSE
"BFat","timesignatr","GSM1321062","GSM1321062",4,18,17.8634013007951,0.136598699204857,FALSE,FALSE
"BFat","timesignatr","GSM1321069","GSM1321069",4,8,7.96286667276478,0.0371333272352157,FALSE,FALSE
"BFat","timesignatr","GSM1321071","GSM1321071",4,12,11.3034561486674,0.69654385133264,FALSE,FALSE
"BFat","timesignatr","GSM1321072","GSM1321072",4,14,14.0221850274076,0.0221850274075681,FALSE,FALSE
"BFat","timesignatr","GSM1321066","GSM1321066",5,2,1.37700274247701,0.622997257522991,FALSE,FALSE
"BFat","timesignatr","GSM1321070","GSM1321070",5,10,9.46020888028726,0.539791119712744,FALSE,FALSE
"BFat","timesignatr","GSM1321075","GSM1321075",5,20,20.897791221789,0.897791221788953,FALSE,FALSE
"BFat","timesignatr","GSM1321079","GSM1321079",5,4,5.37104370035314,1.37104370035314,FALSE,FALSE
"BFat","timesignatr","GSM1321068","GSM1321068",6,6,6.28018628367894,0.280186283678943,FALSE,FALSE
"BFat","timesignatr","GSM1321073","GSM1321073",6,16,15.4302114745227,0.569788525477303,FALSE,FALSE
"BFat","timesignatr","GSM1321078","GSM1321078",6,2,1.09886691165782,0.901133088342182,FALSE,FALSE
"BFat","timesignatr","GSM1321085","GSM1321085",6,16,15.751675833758,0.248324166241984,FALSE,FALSE
"Cer","timetable","GSM1321087","GSM1321087",1,20,20.5,0.5,FALSE,FALSE
"Cer","timetable","GSM1321088","GSM1321088",1,22,21.75,0.25,FALSE,FALSE
"Cer","timetable","GSM1321098","GSM1321098",1,18,18.1666666666667,0.166666666666664,FALSE,FALSE
"Cer","timetable","GSM1321106","GSM1321106",1,10,10.3333333333333,0.333333333333332,FALSE,FALSE
"Cer","timetable","GSM1321089","GSM1321089",2,0,23.8333333333333,0.166666666666668,FALSE,FALSE
"Cer","timetable","GSM1321091","GSM1321091",2,4,3,1,FALSE,FALSE
"Cer","timetable","GSM1321104","GSM1321104",2,6,6.08333333333333,0.083333333333333,FALSE,FALSE
"Cer","timetable","GSM1321105","GSM1321105",2,8,8.91666666666667,0.916666666666666,FALSE,FALSE
"Cer","timetable","GSM1321100","GSM1321100",3,22,21.3333333333333,0.666666666666668,FALSE,FALSE
"Cer","timetable","GSM1321101","GSM1321101",3,0,21.5833333333333,2.41666666666667,FALSE,FALSE
"Cer","timetable","GSM1321107","GSM1321107",3,12,12.1666666666667,0.166666666666666,FALSE,FALSE
"Cer","timetable","GSM1321108","GSM1321108",3,14,16.1666666666667,2.16666666666666,FALSE,FALSE
"Cer","timetable","GSM1321086","GSM1321086",4,18,18.25,0.25,FALSE,FALSE
"Cer","timetable","GSM1321093","GSM1321093",4,8,7.91666666666667,0.0833333333333339,FALSE,FALSE
"Cer","timetable","GSM1321095","GSM1321095",4,12,11.0833333333333,0.916666666666668,FALSE,FALSE
"Cer","timetable","GSM1321096","GSM1321096",4,14,15,1,FALSE,FALSE
"Cer","timetable","GSM1321090","GSM1321090",5,2,2.41666666666667,0.416666666666667,FALSE,FALSE
"Cer","timetable","GSM1321094","GSM1321094",5,10,11,1,FALSE,FALSE
"Cer","timetable","GSM1321099","GSM1321099",5,20,19.5833333333333,0.416666666666668,FALSE,FALSE
"Cer","timetable","GSM1321103","GSM1321103",5,4,4.83333333333333,0.833333333333333,FALSE,FALSE
"Cer","timetable","GSM1321092","GSM1321092",6,6,4.08333333333333,1.91666666666667,FALSE,FALSE
"Cer","timetable","GSM1321097","GSM1321097",6,16,13.4166666666667,2.58333333333333,FALSE,FALSE
"Cer","timetable","GSM1321102","GSM1321102",6,2,23.3333333333333,2.66666666666667,FALSE,FALSE
"Cer","timetable","GSM1321109","GSM1321109",6,16,16.5833333333333,0.583333333333332,FALSE,FALSE
"Cer","taufisher","GSM1321087","GSM1321087",1,20,21,1,FALSE,FALSE
"Cer","taufisher","GSM1321088","GSM1321088",1,22,23,1,FALSE,FALSE
"Cer","taufisher","GSM1321098","GSM1321098",1,18,19,1,FALSE,FALSE
"Cer","taufisher","GSM1321106","GSM1321106",1,10,10,0,FALSE,FALSE
"Cer","taufisher","GSM1321089","GSM1321089",2,0,1,1,FALSE,FALSE
"Cer","taufisher","GSM1321091","GSM1321091",2,4,2,2,FALSE,FALSE
"Cer","taufisher","GSM1321104","GSM1321104",2,6,7,1,FALSE,FALSE
"Cer","taufisher","GSM1321105","GSM1321105",2,8,9,1,FALSE,FALSE
"Cer","taufisher","GSM1321100","GSM1321100",3,22,22,0,FALSE,FALSE
"Cer","taufisher","GSM1321101","GSM1321101",3,0,0,0,FALSE,FALSE
"Cer","taufisher","GSM1321107","GSM1321107",3,12,12,0,FALSE,FALSE
"Cer","taufisher","GSM1321108","GSM1321108",3,14,17,3,FALSE,FALSE
"Cer","taufisher","GSM1321086","GSM1321086",4,18,18,0,FALSE,FALSE
"Cer","taufisher","GSM1321093","GSM1321093",4,8,8,0,FALSE,FALSE
"Cer","taufisher","GSM1321095","GSM1321095",4,12,11,1,FALSE,FALSE
"Cer","taufisher","GSM1321096","GSM1321096",4,14,14,0,FALSE,FALSE
"Cer","taufisher","GSM1321090","GSM1321090",5,2,0,2,FALSE,FALSE
"Cer","taufisher","GSM1321094","GSM1321094",5,10,12,2,FALSE,FALSE
"Cer","taufisher","GSM1321099","GSM1321099",5,20,0,4,FALSE,FALSE
"Cer","taufisher","GSM1321103","GSM1321103",5,4,5,1,FALSE,FALSE
"Cer","taufisher","GSM1321092","GSM1321092",6,6,NA,NA,FALSE,TRUE
"Cer","taufisher","GSM1321097","GSM1321097",6,16,NA,NA,FALSE,TRUE
"Cer","taufisher","GSM1321102","GSM1321102",6,2,NA,NA,FALSE,TRUE
"Cer","taufisher","GSM1321109","GSM1321109",6,16,NA,NA,FALSE,TRUE
"Cer","zeitzeiger","GSM1321087","GSM1321087",1,20,21.0496932637138,1.0496932637138,FALSE,FALSE
"Cer","zeitzeiger","GSM1321088","GSM1321088",1,22,23.0840842062268,1.08408420622681,FALSE,FALSE
"Cer","zeitzeiger","GSM1321098","GSM1321098",1,18,18.2094875954531,0.209487595453119,FALSE,FALSE
"Cer","zeitzeiger","GSM1321106","GSM1321106",1,10,9.60937353433975,0.390626465660249,FALSE,FALSE
"Cer","zeitzeiger","GSM1321089","GSM1321089",2,0,0.285169844503363,0.285169844503363,FALSE,FALSE
"Cer","zeitzeiger","GSM1321091","GSM1321091",2,4,3.97289947358402,0.0271005264159787,FALSE,FALSE
"Cer","zeitzeiger","GSM1321104","GSM1321104",2,6,10.0637388110313,4.0637388110313,FALSE,FALSE
"Cer","zeitzeiger","GSM1321105","GSM1321105",2,8,10.0956337071505,2.09563370715051,FALSE,FALSE
"Cer","zeitzeiger","GSM1321100","GSM1321100",3,22,21.9062381386968,0.0937618613032036,FALSE,FALSE
"Cer","zeitzeiger","GSM1321101","GSM1321101",3,0,22.2966345852726,1.70336541472737,FALSE,FALSE
"Cer","zeitzeiger","GSM1321107","GSM1321107",3,12,12.1212296085821,0.121229608582125,FALSE,FALSE
"Cer","zeitzeiger","GSM1321108","GSM1321108",3,14,16.5939765738347,2.5939765738347,FALSE,FALSE
"Cer","zeitzeiger","GSM1321086","GSM1321086",4,18,16.9308610261031,1.06913897389691,FALSE,FALSE
"Cer","zeitzeiger","GSM1321093","GSM1321093",4,8,6.89297968637094,1.10702031362906,FALSE,FALSE
"Cer","zeitzeiger","GSM1321095","GSM1321095",4,12,11.3095014239144,0.690498576085579,FALSE,FALSE
"Cer","zeitzeiger","GSM1321096","GSM1321096",4,14,14.3356860774997,0.335686077499732,FALSE,FALSE
"Cer","zeitzeiger","GSM1321090","GSM1321090",5,2,1.91827180401972,0.0817281959802814,FALSE,FALSE
"Cer","zeitzeiger","GSM1321094","GSM1321094",5,10,9.42944288040398,0.570557119596018,FALSE,FALSE
"Cer","zeitzeiger","GSM1321099","GSM1321099",5,20,19.8609515730068,0.139048426993167,FALSE,FALSE
"Cer","zeitzeiger","GSM1321103","GSM1321103",5,4,4.90084347261812,0.900843472618115,FALSE,FALSE
"Cer","zeitzeiger","GSM1321092","GSM1321092",6,6,4.9275212169808,1.0724787830192,FALSE,FALSE
"Cer","zeitzeiger","GSM1321097","GSM1321097",6,16,13.3722612615631,2.6277387384369,FALSE,FALSE
"Cer","zeitzeiger","GSM1321102","GSM1321102",6,2,1.46854693676066,0.531453063239335,FALSE,FALSE
"Cer","zeitzeiger","GSM1321109","GSM1321109",6,16,15.665602718695,0.334397281305041,FALSE,FALSE
"Cer","timesignatr","GSM1321087","GSM1321087",1,20,21.1892177317066,1.18921773170657,FALSE,FALSE
"Cer","timesignatr","GSM1321088","GSM1321088",1,22,23.5039273383575,1.5039273383575,FALSE,FALSE
"Cer","timesignatr","GSM1321098","GSM1321098",1,18,18.3667873248036,0.366787324803603,FALSE,FALSE
"Cer","timesignatr","GSM1321106","GSM1321106",1,10,10.5373739519111,0.53737395191113,FALSE,FALSE
"Cer","timesignatr","GSM1321089","GSM1321089",2,0,23.7887831057137,0.211216894286309,FALSE,FALSE
"Cer","timesignatr","GSM1321091","GSM1321091",2,4,3.74630088349975,0.253699116500252,FALSE,FALSE
"Cer","timesignatr","GSM1321104","GSM1321104",2,6,5.68269659321642,0.317303406783584,FALSE,FALSE
"Cer","timesignatr","GSM1321105","GSM1321105",2,8,8.89451780263394,0.894517802633942,FALSE,FALSE
"Cer","timesignatr","GSM1321100","GSM1321100",3,22,21.4461392486615,0.553860751338537,FALSE,FALSE
"Cer","timesignatr","GSM1321101","GSM1321101",3,0,23.6452250081191,0.354774991880912,FALSE,FALSE
"Cer","timesignatr","GSM1321107","GSM1321107",3,12,11.9963299868265,0.00367001317353655,FALSE,FALSE
"Cer","timesignatr","GSM1321108","GSM1321108",3,14,16.2993014686385,2.29930146863854,FALSE,FALSE
"Cer","timesignatr","GSM1321086","GSM1321086",4,18,17.1341575484566,0.865842451543436,FALSE,FALSE
"Cer","timesignatr","GSM1321093","GSM1321093",4,8,8.00682146983281,0.00682146983280951,FALSE,FALSE
"Cer","timesignatr","GSM1321095","GSM1321095",4,12,10.5833693772368,1.41663062276322,FALSE,FALSE
"Cer","timesignatr","GSM1321096","GSM1321096",4,14,15.2347896348216,1.2347896348216,FALSE,FALSE
"Cer","timesignatr","GSM1321090","GSM1321090",5,2,1.01759391271113,0.982406087288865,FALSE,FALSE
"Cer","timesignatr","GSM1321094","GSM1321094",5,10,11.1226346058091,1.12263460580913,FALSE,FALSE
"Cer","timesignatr","GSM1321099","GSM1321099",5,20,20.7927520672153,0.792752067215268,FALSE,FALSE
"Cer","timesignatr","GSM1321103","GSM1321103",5,4,6.00659230215277,2.00659230215277,FALSE,FALSE
"Cer","timesignatr","GSM1321092","GSM1321092",6,6,4.60108227253881,1.39891772746119,FALSE,FALSE
"Cer","timesignatr","GSM1321097","GSM1321097",6,16,12.6877381150558,3.31226188494417,FALSE,FALSE
"Cer","timesignatr","GSM1321102","GSM1321102",6,2,0.170143179360345,1.82985682063966,FALSE,FALSE
"Cer","timesignatr","GSM1321109","GSM1321109",6,16,15.6887324633267,0.311267536673258,FALSE,FALSE
"Hrt","timetable","GSM1321111","GSM1321111",1,20,20.25,0.25,FALSE,FALSE
"Hrt","timetable","GSM1321112","GSM1321112",1,22,21.9166666666667,0.0833333333333357,FALSE,FALSE
"Hrt","timetable","GSM1321122","GSM1321122",1,18,17.5833333333333,0.416666666666668,FALSE,FALSE
"Hrt","timetable","GSM1321130","GSM1321130",1,10,10.8333333333333,0.833333333333332,FALSE,FALSE
"Hrt","timetable","GSM1321113","GSM1321113",2,0,23.75,0.25,FALSE,FALSE
"Hrt","timetable","GSM1321115","GSM1321115",2,4,3,1,FALSE,FALSE
"Hrt","timetable","GSM1321128","GSM1321128",2,6,6.41666666666667,0.416666666666666,FALSE,FALSE
"Hrt","timetable","GSM1321129","GSM1321129",2,8,9.08333333333333,1.08333333333333,FALSE,FALSE
"Hrt","timetable","GSM1321124","GSM1321124",3,22,20.6666666666667,1.33333333333334,FALSE,FALSE
"Hrt","timetable","GSM1321125","GSM1321125",3,0,22.3333333333333,1.66666666666667,FALSE,FALSE
"Hrt","timetable","GSM1321131","GSM1321131",3,12,12.1666666666667,0.166666666666666,FALSE,FALSE
"Hrt","timetable","GSM1321132","GSM1321132",3,14,15.4166666666667,1.41666666666667,FALSE,FALSE
"Hrt","timetable","GSM1321110","GSM1321110",4,18,17.25,0.75,FALSE,FALSE
"Hrt","timetable","GSM1321117","GSM1321117",4,8,7.58333333333333,0.416666666666667,FALSE,FALSE
"Hrt","timetable","GSM1321119","GSM1321119",4,12,11,1,FALSE,FALSE
"Hrt","timetable","GSM1321120","GSM1321120",4,14,13.75,0.25,FALSE,FALSE
"Hrt","timetable","GSM1321114","GSM1321114",5,2,1,1,FALSE,FALSE
"Hrt","timetable","GSM1321118","GSM1321118",5,10,10,0,FALSE,FALSE
"Hrt","timetable","GSM1321123","GSM1321123",5,20,20.8333333333333,0.833333333333332,FALSE,FALSE
"Hrt","timetable","GSM1321127","GSM1321127",5,4,5.25,1.25,FALSE,FALSE
"Hrt","timetable","GSM1321116","GSM1321116",6,6,5.58333333333333,0.416666666666667,FALSE,FALSE
"Hrt","timetable","GSM1321121","GSM1321121",6,16,16.0833333333333,0.0833333333333321,FALSE,FALSE
"Hrt","timetable","GSM1321126","GSM1321126",6,2,23.8333333333333,2.16666666666667,FALSE,FALSE
"Hrt","timetable","GSM1321133","GSM1321133",6,16,17.0833333333333,1.08333333333333,FALSE,FALSE
"Hrt","taufisher","GSM1321111","GSM1321111",1,20,20,0,FALSE,FALSE
"Hrt","taufisher","GSM1321112","GSM1321112",1,22,0,2,FALSE,FALSE
"Hrt","taufisher","GSM1321122","GSM1321122",1,18,17,1,FALSE,FALSE
"Hrt","taufisher","GSM1321130","GSM1321130",1,10,11,1,FALSE,FALSE
"Hrt","taufisher","GSM1321113","GSM1321113",2,0,0,0,FALSE,FALSE
"Hrt","taufisher","GSM1321115","GSM1321115",2,4,4,0,FALSE,FALSE
"Hrt","taufisher","GSM1321128","GSM1321128",2,6,6,0,FALSE,FALSE
"Hrt","taufisher","GSM1321129","GSM1321129",2,8,9,1,FALSE,FALSE
"Hrt","taufisher","GSM1321124","GSM1321124",3,22,21,1,FALSE,FALSE
"Hrt","taufisher","GSM1321125","GSM1321125",3,0,22,2,FALSE,FALSE
"Hrt","taufisher","GSM1321131","GSM1321131",3,12,12,0,FALSE,FALSE
"Hrt","taufisher","GSM1321132","GSM1321132",3,14,15,1,FALSE,FALSE
"Hrt","taufisher","GSM1321110","GSM1321110",4,18,16,2,FALSE,FALSE
"Hrt","taufisher","GSM1321117","GSM1321117",4,8,8,0,FALSE,FALSE
"Hrt","taufisher","GSM1321119","GSM1321119",4,12,10,2,FALSE,FALSE
"Hrt","taufisher","GSM1321120","GSM1321120",4,14,13,1,FALSE,FALSE
"Hrt","taufisher","GSM1321114","GSM1321114",5,2,0,2,FALSE,FALSE
"Hrt","taufisher","GSM1321118","GSM1321118",5,10,10,0,FALSE,FALSE
"Hrt","taufisher","GSM1321123","GSM1321123",5,20,21,1,FALSE,FALSE
"Hrt","taufisher","GSM1321127","GSM1321127",5,4,6,2,FALSE,FALSE
"Hrt","taufisher","GSM1321116","GSM1321116",6,6,NA,NA,FALSE,TRUE
"Hrt","taufisher","GSM1321121","GSM1321121",6,16,NA,NA,FALSE,TRUE
"Hrt","taufisher","GSM1321126","GSM1321126",6,2,NA,NA,FALSE,TRUE
"Hrt","taufisher","GSM1321133","GSM1321133",6,16,NA,NA,FALSE,TRUE
"Hrt","zeitzeiger","GSM1321111","GSM1321111",1,20,21.5866983604639,1.58669836046391,FALSE,FALSE
"Hrt","zeitzeiger","GSM1321112","GSM1321112",1,22,23.8754571807188,1.87545718071882,FALSE,FALSE
"Hrt","zeitzeiger","GSM1321122","GSM1321122",1,18,16.9031978996528,1.09680210034721,FALSE,FALSE
"Hrt","zeitzeiger","GSM1321130","GSM1321130",1,10,9.78725693023128,0.212743069768717,FALSE,FALSE
"Hrt","zeitzeiger","GSM1321113","GSM1321113",2,0,1.45493960982226,1.45493960982226,FALSE,FALSE
"Hrt","zeitzeiger","GSM1321115","GSM1321115",2,4,1.51910553394277,2.48089446605723,FALSE,FALSE
"Hrt","zeitzeiger","GSM1321128","GSM1321128",2,6,5.47707535167811,0.522924648321886,FALSE,FALSE
"Hrt","zeitzeiger","GSM1321129","GSM1321129",2,8,8.74491706173475,0.744917061734746,FALSE,FALSE
"Hrt","zeitzeiger","GSM1321124","GSM1321124",3,22,21.4082446827523,0.591755317247706,FALSE,FALSE
"Hrt","zeitzeiger","GSM1321125","GSM1321125",3,0,22.1104966318555,1.88950336814451,FALSE,FALSE
"Hrt","zeitzeiger","GSM1321131","GSM1321131",3,12,12.1944016534796,0.194401653479593,FALSE,FALSE
"Hrt","zeitzeiger","GSM1321132","GSM1321132",3,14,15.1211145009807,1.12111450098066,FALSE,FALSE
"Hrt","zeitzeiger","GSM1321110","GSM1321110",4,18,16.6701148035424,1.3298851964576,FALSE,FALSE
"Hrt","zeitzeiger","GSM1321117","GSM1321117",4,8,6.99337789587863,1.00662210412137,FALSE,FALSE
"Hrt","zeitzeiger","GSM1321119","GSM1321119",4,12,11.2817237253116,0.718276274688412,FALSE,FALSE
"Hrt","zeitzeiger","GSM1321120","GSM1321120",4,14,12.6362637919895,1.36373620801054,FALSE,FALSE
"Hrt","zeitzeiger","GSM1321114","GSM1321114",5,2,2.57843141895814,0.578431418958144,FALSE,FALSE
"Hrt","zeitzeiger","GSM1321118","GSM1321118",5,10,9.95313593799339,0.046864062006609,FALSE,FALSE
"Hrt","zeitzeiger","GSM1321123","GSM1321123",5,20,21.3612788396984,1.36127883969844,FALSE,FALSE
"Hrt","zeitzeiger","GSM1321127","GSM1321127",5,4,4.82716626588837,0.827166265888371,FALSE,FALSE
"Hrt","zeitzeiger","GSM1321116","GSM1321116",6,6,5.15121560773444,0.84878439226556,FALSE,FALSE
"Hrt","zeitzeiger","GSM1321121","GSM1321121",6,16,16.7255330220635,0.72553302206348,FALSE,FALSE
"Hrt","zeitzeiger","GSM1321126","GSM1321126",6,2,23.531847478158,2.46815252184199,FALSE,FALSE
"Hrt","zeitzeiger","GSM1321133","GSM1321133",6,16,17.5320884138803,1.5320884138803,FALSE,FALSE
"Hrt","timesignatr","GSM1321111","GSM1321111",1,20,21.484803331307,1.48480333130702,FALSE,FALSE
"Hrt","timesignatr","GSM1321112","GSM1321112",1,22,22.8957828638111,0.895782863811103,FALSE,FALSE
"Hrt","timesignatr","GSM1321122","GSM1321122",1,18,17.594169718547,0.405830281453021,FALSE,FALSE
"Hrt","timesignatr","GSM1321130","GSM1321130",1,10,10.1604297321524,0.160429732152386,FALSE,FALSE
"Hrt","timesignatr","GSM1321113","GSM1321113",2,0,0.85432244532283,0.85432244532283,FALSE,FALSE
"Hrt","timesignatr","GSM1321115","GSM1321115",2,4,3.58298073666913,0.417019263330873,FALSE,FALSE
"Hrt","timesignatr","GSM1321128","GSM1321128",2,6,5.77665178427394,0.223348215726061,FALSE,FALSE
"Hrt","timesignatr","GSM1321129","GSM1321129",2,8,9.23646088870164,1.23646088870164,FALSE,FALSE
"Hrt","timesignatr","GSM1321124","GSM1321124",3,22,20.3520434142505,1.64795658574948,FALSE,FALSE
"Hrt","timesignatr","GSM1321125","GSM1321125",3,0,22.7834412901617,1.21655870983827,FALSE,FALSE
"Hrt","timesignatr","GSM1321131","GSM1321131",3,12,11.9067552132624,0.0932447867376158,FALSE,FALSE
"Hrt","timesignatr","GSM1321132","GSM1321132",3,14,14.9705982346315,0.970598234631524,FALSE,FALSE
"Hrt","timesignatr","GSM1321110","GSM1321110",4,18,17.5103196688028,0.489680331197242,FALSE,FALSE
"Hrt","timesignatr","GSM1321117","GSM1321117",4,8,6.95977571590274,1.04022428409726,FALSE,FALSE
"Hrt","timesignatr","GSM1321119","GSM1321119",4,12,11.2594319729753,0.740568027024672,FALSE,FALSE
"Hrt","timesignatr","GSM1321120","GSM1321120",4,14,13.8293674266069,0.170632573393112,FALSE,FALSE
"Hrt","timesignatr","GSM1321114","GSM1321114",5,2,0.857105665344801,1.1428943346552,FALSE,FALSE
"Hrt","timesignatr","GSM1321118","GSM1321118",5,10,10.1080672343121,0.108067234312056,FALSE,FALSE
"Hrt","timesignatr","GSM1321123","GSM1321123",5,20,20.8930463626387,0.893046362638692,FALSE,FALSE
"Hrt","timesignatr","GSM1321127","GSM1321127",5,4,5.20641486686552,1.20641486686552,FALSE,FALSE
"Hrt","timesignatr","GSM1321116","GSM1321116",6,6,7.57604313503317,1.57604313503317,FALSE,FALSE
"Hrt","timesignatr","GSM1321121","GSM1321121",6,16,16.3757844137331,0.375784413733133,FALSE,FALSE
"Hrt","timesignatr","GSM1321126","GSM1321126",6,2,0.0978427095033902,1.90215729049661,FALSE,FALSE
"Hrt","timesignatr","GSM1321133","GSM1321133",6,16,16.7541859750656,0.754185975065635,FALSE,FALSE
"Hyp","timetable","GSM1321135","GSM1321135",1,20,22.9166666666667,2.91666666666666,FALSE,FALSE
"Hyp","timetable","GSM1321136","GSM1321136",1,22,21.25,0.75,FALSE,FALSE
"Hyp","timetable","GSM1321146","GSM1321146",1,18,16.75,1.25,FALSE,FALSE
"Hyp","timetable","GSM1321154","GSM1321154",1,10,10.3333333333333,0.333333333333332,FALSE,FALSE
"Hyp","timetable","GSM1321137","GSM1321137",2,0,23.9166666666667,0.0833333333333357,FALSE,FALSE
"Hyp","timetable","GSM1321139","GSM1321139",2,4,3.75,0.25,FALSE,FALSE
"Hyp","timetable","GSM1321152","GSM1321152",2,6,5.83333333333333,0.166666666666667,FALSE,FALSE
"Hyp","timetable","GSM1321153","GSM1321153",2,8,8,0,FALSE,FALSE
"Hyp","timetable","GSM1321148","GSM1321148",3,22,23.4166666666667,1.41666666666666,FALSE,FALSE
"Hyp","timetable","GSM1321149","GSM1321149",3,0,22.75,1.25,FALSE,FALSE
"Hyp","timetable","GSM1321155","GSM1321155",3,12,10.8333333333333,1.16666666666667,FALSE,FALSE
"Hyp","timetable","GSM1321156","GSM1321156",3,14,14.5833333333333,0.583333333333332,FALSE,FALSE
"Hyp","timetable","GSM1321134","GSM1321134",4,18,20,2,FALSE,FALSE
"Hyp","timetable","GSM1321141","GSM1321141",4,8,6.66666666666667,1.33333333333333,FALSE,FALSE
"Hyp","timetable","GSM1321143","GSM1321143",4,12,11.5833333333333,0.416666666666668,FALSE,FALSE
"Hyp","timetable","GSM1321144","GSM1321144",4,14,15.5833333333333,1.58333333333333,FALSE,FALSE
"Hyp","timetable","GSM1321138","GSM1321138",5,2,2.5,0.5,FALSE,FALSE
"Hyp","timetable","GSM1321142","GSM1321142",5,10,10.3333333333333,0.333333333333332,FALSE,FALSE
"Hyp","timetable","GSM1321147","GSM1321147",5,20,20.5,0.5,FALSE,FALSE
"Hyp","timetable","GSM1321151","GSM1321151",5,4,5.33333333333333,1.33333333333333,FALSE,FALSE
"Hyp","timetable","GSM1321140","GSM1321140",6,6,3.83333333333333,2.16666666666667,FALSE,FALSE
"Hyp","timetable","GSM1321145","GSM1321145",6,16,15.75,0.25,FALSE,FALSE
"Hyp","timetable","GSM1321150","GSM1321150",6,2,0,2,FALSE,FALSE
"Hyp","timetable","GSM1321157","GSM1321157",6,16,16.9166666666667,0.916666666666664,FALSE,FALSE
"Hyp","taufisher","GSM1321135","GSM1321135",1,20,0,4,FALSE,FALSE
"Hyp","taufisher","GSM1321136","GSM1321136",1,22,16,6,FALSE,FALSE
"Hyp","taufisher","GSM1321146","GSM1321146",1,18,0,6,FALSE,FALSE
"Hyp","taufisher","GSM1321154","GSM1321154",1,10,14,4,FALSE,FALSE
"Hyp","taufisher","GSM1321137","GSM1321137",2,0,23,1,FALSE,FALSE
"Hyp","taufisher","GSM1321139","GSM1321139",2,4,4,0,FALSE,FALSE
"Hyp","taufisher","GSM1321152","GSM1321152",2,6,7,1,FALSE,FALSE
"Hyp","taufisher","GSM1321153","GSM1321153",2,8,8,0,FALSE,FALSE
"Hyp","taufisher","GSM1321148","GSM1321148",3,22,0,2,FALSE,FALSE
"Hyp","taufisher","GSM1321149","GSM1321149",3,0,22,2,FALSE,FALSE
"Hyp","taufisher","GSM1321155","GSM1321155",3,12,10,2,FALSE,FALSE
"Hyp","taufisher","GSM1321156","GSM1321156",3,14,15,1,FALSE,FALSE
"Hyp","taufisher","GSM1321134","GSM1321134",4,18,20,2,FALSE,FALSE
"Hyp","taufisher","GSM1321141","GSM1321141",4,8,8,0,FALSE,FALSE
"Hyp","taufisher","GSM1321143","GSM1321143",4,12,10,2,FALSE,FALSE
"Hyp","taufisher","GSM1321144","GSM1321144",4,14,14,0,FALSE,FALSE
"Hyp","taufisher","GSM1321138","GSM1321138",5,2,0,2,FALSE,FALSE
"Hyp","taufisher","GSM1321142","GSM1321142",5,10,8,2,FALSE,FALSE
"Hyp","taufisher","GSM1321147","GSM1321147",5,20,0,4,FALSE,FALSE
"Hyp","taufisher","GSM1321151","GSM1321151",5,4,6,2,FALSE,FALSE
"Hyp","taufisher","GSM1321140","GSM1321140",6,6,NA,NA,FALSE,TRUE
"Hyp","taufisher","GSM1321145","GSM1321145",6,16,NA,NA,FALSE,TRUE
"Hyp","taufisher","GSM1321150","GSM1321150",6,2,NA,NA,FALSE,TRUE
"Hyp","taufisher","GSM1321157","GSM1321157",6,16,NA,NA,FALSE,TRUE
"Hyp","zeitzeiger","GSM1321135","GSM1321135",1,20,21.0841142838793,1.08411428387934,FALSE,FALSE
"Hyp","zeitzeiger","GSM1321136","GSM1321136",1,22,22.0166315518246,0.0166315518245987,FALSE,FALSE
"Hyp","zeitzeiger","GSM1321146","GSM1321146",1,18,13.3696153910701,4.63038460892986,FALSE,FALSE
"Hyp","zeitzeiger","GSM1321154","GSM1321154",1,10,10.042024429417,0.0420244294169567,FALSE,FALSE
"Hyp","zeitzeiger","GSM1321137","GSM1321137",2,0,23.827019733874,0.172980266125961,FALSE,FALSE
"Hyp","zeitzeiger","GSM1321139","GSM1321139",2,4,3.76947242630973,0.230527573690267,FALSE,FALSE
"Hyp","zeitzeiger","GSM1321152","GSM1321152",2,6,6.87448153243383,0.87448153243383,FALSE,FALSE
"Hyp","zeitzeiger","GSM1321153","GSM1321153",2,8,9.3881985378569,1.3881985378569,FALSE,FALSE
"Hyp","zeitzeiger","GSM1321148","GSM1321148",3,22,21.7936930110057,0.206306988994257,FALSE,FALSE
"Hyp","zeitzeiger","GSM1321149","GSM1321149",3,0,23.4078502408489,0.592149759151106,FALSE,FALSE
"Hyp","zeitzeiger","GSM1321155","GSM1321155",3,12,11.4238416146602,0.576158385339809,FALSE,FALSE
"Hyp","zeitzeiger","GSM1321156","GSM1321156",3,14,15.6546293731952,1.65462937319519,FALSE,FALSE
"Hyp","zeitzeiger","GSM1321134","GSM1321134",4,18,19.4453679705735,1.44536797057352,FALSE,FALSE
"Hyp","zeitzeiger","GSM1321141","GSM1321141",4,8,4.95767487326143,3.04232512673857,FALSE,FALSE
"Hyp","zeitzeiger","GSM1321143","GSM1321143",4,12,12.8902077967057,0.890207796705724,FALSE,FALSE
"Hyp","zeitzeiger","GSM1321144","GSM1321144",4,14,15.1116582467165,1.11165824671654,FALSE,FALSE
"Hyp","zeitzeiger","GSM1321138","GSM1321138",5,2,1.64883083819161,0.351169161808389,FALSE,FALSE
"Hyp","zeitzeiger","GSM1321142","GSM1321142",5,10,9.0097552673714,0.9902447326286,FALSE,FALSE
"Hyp","zeitzeiger","GSM1321147","GSM1321147",5,20,20.0392011656647,0.039201165664668,FALSE,FALSE
"Hyp","zeitzeiger","GSM1321151","GSM1321151",5,4,5.64228497813543,1.64228497813543,FALSE,FALSE
"Hyp","zeitzeiger","GSM1321140","GSM1321140",6,6,4.19988579003379,1.80011420996621,FALSE,FALSE
"Hyp","zeitzeiger","GSM1321145","GSM1321145",6,16,15.4827271338329,0.517272866167104,FALSE,FALSE
"Hyp","zeitzeiger","GSM1321150","GSM1321150",6,2,2.14752704460298,0.147527044602978,FALSE,FALSE
"Hyp","zeitzeiger","GSM1321157","GSM1321157",6,16,14.2698158461783,1.73018415382166,FALSE,FALSE
"Hyp","timesignatr","GSM1321135","GSM1321135",1,20,22.1947458591965,2.19474585919652,FALSE,FALSE
"Hyp","timesignatr","GSM1321136","GSM1321136",1,22,21.7439061306478,0.25609386935216,FALSE,FALSE
"Hyp","timesignatr","GSM1321146","GSM1321146",1,18,18.057016201113,0.0570162011129938,FALSE,FALSE
"Hyp","timesignatr","GSM1321154","GSM1321154",1,10,10.7735089194997,0.773508919499747,FALSE,FALSE
"Hyp","timesignatr","GSM1321137","GSM1321137",2,0,23.3155473413572,0.684452658642837,FALSE,FALSE
"Hyp","timesignatr","GSM1321139","GSM1321139",2,4,2.77877027527968,1.22122972472032,FALSE,FALSE
"Hyp","timesignatr","GSM1321152","GSM1321152",2,6,6.40029812673183,0.400298126731825,FALSE,FALSE
"Hyp","timesignatr","GSM1321153","GSM1321153",2,8,8.21024542098624,0.210245420986242,FALSE,FALSE
"Hyp","timesignatr","GSM1321148","GSM1321148",3,22,20.8981875444471,1.10181245555289,FALSE,FALSE
"Hyp","timesignatr","GSM1321149","GSM1321149",3,0,22.6888465463594,1.31115345364058,FALSE,FALSE
"Hyp","timesignatr","GSM1321155","GSM1321155",3,12,10.9271188805539,1.07288111944608,FALSE,FALSE
"Hyp","timesignatr","GSM1321156","GSM1321156",3,14,15.1760655554227,1.17606555542275,FALSE,FALSE
"Hyp","timesignatr","GSM1321134","GSM1321134",4,18,20.3947598448426,2.3947598448426,FALSE,FALSE
"Hyp","timesignatr","GSM1321141","GSM1321141",4,8,7.15255829190501,0.847441708094994,FALSE,FALSE
"Hyp","timesignatr","GSM1321143","GSM1321143",4,12,12.0808381792247,0.0808381792247239,FALSE,FALSE
"Hyp","timesignatr","GSM1321144","GSM1321144",4,14,15.2350755534037,1.23507555340372,FALSE,FALSE
"Hyp","timesignatr","GSM1321138","GSM1321138",5,2,2.10207208601732,0.102072086017318,FALSE,FALSE
"Hyp","timesignatr","GSM1321142","GSM1321142",5,10,10.240148613506,0.240148613505962,FALSE,FALSE
"Hyp","timesignatr","GSM1321147","GSM1321147",5,20,19.5398797551203,0.460120244879743,FALSE,FALSE
"Hyp","timesignatr","GSM1321151","GSM1321151",5,4,5.21423793782917,1.21423793782917,FALSE,FALSE
"Hyp","timesignatr","GSM1321140","GSM1321140",6,6,5.15573503616474,0.844264963835255,FALSE,FALSE
"Hyp","timesignatr","GSM1321145","GSM1321145",6,16,15.7516637514784,0.248336248521603,FALSE,FALSE
"Hyp","timesignatr","GSM1321150","GSM1321150",6,2,0.34804945878881,1.65195054121119,FALSE,FALSE
"Hyp","timesignatr","GSM1321157","GSM1321157",6,16,18.0781889418548,2.0781889418548,FALSE,FALSE
"Kid","timetable","GSM1321159","GSM1321159",1,20,20.0833333333333,0.0833333333333321,FALSE,FALSE
"Kid","timetable","GSM1321160","GSM1321160",1,22,22.5,0.5,FALSE,FALSE
"Kid","timetable","GSM1321170","GSM1321170",1,18,17.75,0.25,FALSE,FALSE
"Kid","timetable","GSM1321178","GSM1321178",1,10,10.5833333333333,0.583333333333332,FALSE,FALSE
"Kid","timetable","GSM1321161","GSM1321161",2,0,0,0,FALSE,FALSE
"Kid","timetable","GSM1321163","GSM1321163",2,4,3.41666666666667,0.583333333333333,FALSE,FALSE
"Kid","timetable","GSM1321176","GSM1321176",2,6,6.58333333333333,0.583333333333333,FALSE,FALSE
"Kid","timetable","GSM1321177","GSM1321177",2,8,8.91666666666667,0.916666666666666,FALSE,FALSE
"Kid","timetable","GSM1321172","GSM1321172",3,22,20.6666666666667,1.33333333333334,FALSE,FALSE
"Kid","timetable","GSM1321173","GSM1321173",3,0,23,1,FALSE,FALSE
"Kid","timetable","GSM1321179","GSM1321179",3,12,11.9166666666667,0.0833333333333339,FALSE,FALSE
"Kid","timetable","GSM1321180","GSM1321180",3,14,15.0833333333333,1.08333333333333,FALSE,FALSE
"Kid","timetable","GSM1321158","GSM1321158",4,18,17.5833333333333,0.416666666666668,FALSE,FALSE
"Kid","timetable","GSM1321165","GSM1321165",4,8,8.25,0.25,FALSE,FALSE
"Kid","timetable","GSM1321167","GSM1321167",4,12,10.75,1.25,FALSE,FALSE
"Kid","timetable","GSM1321168","GSM1321168",4,14,13.0833333333333,0.916666666666668,FALSE,FALSE
"Kid","timetable","GSM1321162","GSM1321162",5,2,2.41666666666667,0.416666666666667,FALSE,FALSE
"Kid","timetable","GSM1321166","GSM1321166",5,10,10.0833333333333,0.0833333333333321,FALSE,FALSE
"Kid","timetable","GSM1321171","GSM1321171",5,20,20.25,0.25,FALSE,FALSE
"Kid","timetable","GSM1321175","GSM1321175",5,4,4.75,0.75,FALSE,FALSE
"Kid","timetable","GSM1321164","GSM1321164",6,6,5.41666666666667,0.583333333333334,FALSE,FALSE
"Kid","timetable","GSM1321169","GSM1321169",6,16,15.8333333333333,0.166666666666668,FALSE,FALSE
"Kid","timetable","GSM1321174","GSM1321174",6,2,1.08333333333333,0.916666666666667,FALSE,FALSE
"Kid","timetable","GSM1321181","GSM1321181",6,16,17,1,FALSE,FALSE
"Kid","taufisher","GSM1321159","GSM1321159",1,20,21,1,FALSE,FALSE
"Kid","taufisher","GSM1321160","GSM1321160",1,22,22,0,FALSE,FALSE
"Kid","taufisher","GSM1321170","GSM1321170",1,18,18,0,FALSE,FALSE
"Kid","taufisher","GSM1321178","GSM1321178",1,10,9,1,FALSE,FALSE
"Kid","taufisher","GSM1321161","GSM1321161",2,0,1,1,FALSE,FALSE
"Kid","taufisher","GSM1321163","GSM1321163",2,4,4,0,FALSE,FALSE
"Kid","taufisher","GSM1321176","GSM1321176",2,6,7,1,FALSE,FALSE
"Kid","taufisher","GSM1321177","GSM1321177",2,8,9,1,FALSE,FALSE
"Kid","taufisher","GSM1321172","GSM1321172",3,22,20,2,FALSE,FALSE
"Kid","taufisher","GSM1321173","GSM1321173",3,0,22,2,FALSE,FALSE
"Kid","taufisher","GSM1321179","GSM1321179",3,12,12,0,FALSE,FALSE
"Kid","taufisher","GSM1321180","GSM1321180",3,14,15,1,FALSE,FALSE
"Kid","taufisher","GSM1321158","GSM1321158",4,18,17,1,FALSE,FALSE
"Kid","taufisher","GSM1321165","GSM1321165",4,8,8,0,FALSE,FALSE
"Kid","taufisher","GSM1321167","GSM1321167",4,12,10,2,FALSE,FALSE
"Kid","taufisher","GSM1321168","GSM1321168",4,14,12,2,FALSE,FALSE
"Kid","taufisher","GSM1321162","GSM1321162",5,2,3,1,FALSE,FALSE
"Kid","taufisher","GSM1321166","GSM1321166",5,10,10,0,FALSE,FALSE
"Kid","taufisher","GSM1321171","GSM1321171",5,20,21,1,FALSE,FALSE
"Kid","taufisher","GSM1321175","GSM1321175",5,4,5,1,FALSE,FALSE
"Kid","taufisher","GSM1321164","GSM1321164",6,6,NA,NA,FALSE,TRUE
"Kid","taufisher","GSM1321169","GSM1321169",6,16,NA,NA,FALSE,TRUE
"Kid","taufisher","GSM1321174","GSM1321174",6,2,NA,NA,FALSE,TRUE
"Kid","taufisher","GSM1321181","GSM1321181",6,16,NA,NA,FALSE,TRUE
"Kid","zeitzeiger","GSM1321159","GSM1321159",1,20,21.0033859966567,1.00338599665669,FALSE,FALSE
"Kid","zeitzeiger","GSM1321160","GSM1321160",1,22,23.1458599906089,1.1458599906089,FALSE,FALSE
"Kid","zeitzeiger","GSM1321170","GSM1321170",1,18,17.7480486818704,0.251951318129578,FALSE,FALSE
"Kid","zeitzeiger","GSM1321178","GSM1321178",1,10,11.140910512743,1.14091051274299,FALSE,FALSE
"Kid","zeitzeiger","GSM1321161","GSM1321161",2,0,23.658554986836,0.341445013163955,FALSE,FALSE
"Kid","zeitzeiger","GSM1321163","GSM1321163",2,4,2.83534083724301,1.16465916275699,FALSE,FALSE
"Kid","zeitzeiger","GSM1321176","GSM1321176",2,6,6.38907333853519,0.389073338535187,FALSE,FALSE
"Kid","zeitzeiger","GSM1321177","GSM1321177",2,8,9.47863139947373,1.47863139947373,FALSE,FALSE
"Kid","zeitzeiger","GSM1321172","GSM1321172",3,22,20.9795447238558,1.02045527614418,FALSE,FALSE
"Kid","zeitzeiger","GSM1321173","GSM1321173",3,0,23.6317287323681,0.368271267631918,FALSE,FALSE
"Kid","zeitzeiger","GSM1321179","GSM1321179",3,12,12.2428502305135,0.242850230513465,FALSE,FALSE
"Kid","zeitzeiger","GSM1321180","GSM1321180",3,14,15.2682201414197,1.26822014141972,FALSE,FALSE
"Kid","zeitzeiger","GSM1321158","GSM1321158",4,18,17.4774631495516,0.522536850448361,FALSE,FALSE
"Kid","zeitzeiger","GSM1321165","GSM1321165",4,8,7.52513485333569,0.474865146664306,FALSE,FALSE
"Kid","zeitzeiger","GSM1321167","GSM1321167",4,12,10.4091834076279,1.59081659237211,FALSE,FALSE
"Kid","zeitzeiger","GSM1321168","GSM1321168",4,14,12.4024252245032,1.59757477549677,FALSE,FALSE
"Kid","zeitzeiger","GSM1321162","GSM1321162",5,2,2.81198385801944,0.811983858019442,FALSE,FALSE
"Kid","zeitzeiger","GSM1321166","GSM1321166",5,10,10.0760006677209,0.0760006677209066,FALSE,FALSE
"Kid","zeitzeiger","GSM1321171","GSM1321171",5,20,19.4649740946722,0.535025905327757,FALSE,FALSE
"Kid","zeitzeiger","GSM1321175","GSM1321175",5,4,5.35159558912235,1.35159558912235,FALSE,FALSE
"Kid","zeitzeiger","GSM1321164","GSM1321164",6,6,4.7790827288697,1.2209172711303,FALSE,FALSE
"Kid","zeitzeiger","GSM1321169","GSM1321169",6,16,16.0752326278455,0.0752326278454589,FALSE,FALSE
"Kid","zeitzeiger","GSM1321174","GSM1321174",6,2,1.54710136185358,0.45289863814642,FALSE,FALSE
"Kid","zeitzeiger","GSM1321181","GSM1321181",6,16,17.5242551377503,1.52425513775028,FALSE,FALSE
"Kid","timesignatr","GSM1321159","GSM1321159",1,20,20.6056896888755,0.60568968887554,FALSE,FALSE
"Kid","timesignatr","GSM1321160","GSM1321160",1,22,22.4581840102748,0.458184010274849,FALSE,FALSE
"Kid","timesignatr","GSM1321170","GSM1321170",1,18,18.4334082670809,0.433408267080949,FALSE,FALSE
"Kid","timesignatr","GSM1321178","GSM1321178",1,10,10.2779715020691,0.277971502069125,FALSE,FALSE
"Kid","timesignatr","GSM1321161","GSM1321161",2,0,23.3691862585517,0.630813741448343,FALSE,FALSE
"Kid","timesignatr","GSM1321163","GSM1321163",2,4,3.79602762835993,0.203972371640066,FALSE,FALSE
"Kid","timesignatr","GSM1321176","GSM1321176",2,6,6.38873595636306,0.388735956363057,FALSE,FALSE
"Kid","timesignatr","GSM1321177","GSM1321177",2,8,8.49924087604517,0.499240876045167,FALSE,FALSE
"Kid","timesignatr","GSM1321172","GSM1321172",3,22,21.3906536875038,0.6093463124962,FALSE,FALSE
"Kid","timesignatr","GSM1321173","GSM1321173",3,0,23.4853300828006,0.514669917199395,FALSE,FALSE
"Kid","timesignatr","GSM1321179","GSM1321179",3,12,12.0299669883661,0.0299669883660538,FALSE,FALSE
"Kid","timesignatr","GSM1321180","GSM1321180",3,14,14.9881357172673,0.988135717267348,FALSE,FALSE
"Kid","timesignatr","GSM1321158","GSM1321158",4,18,17.9928058616724,0.00719413832755578,FALSE,FALSE
"Kid","timesignatr","GSM1321165","GSM1321165",4,8,8.02464665433133,0.0246466543313346,FALSE,FALSE
"Kid","timesignatr","GSM1321167","GSM1321167",4,12,11.0322497859841,0.967750214015892,FALSE,FALSE
"Kid","timesignatr","GSM1321168","GSM1321168",4,14,13.016125456038,0.983874543961983,FALSE,FALSE
"Kid","timesignatr","GSM1321162","GSM1321162",5,2,2.84508123521861,0.845081235218613,FALSE,FALSE
"Kid","timesignatr","GSM1321166","GSM1321166",5,10,10.0298712872498,0.0298712872498026,FALSE,FALSE
"Kid","timesignatr","GSM1321171","GSM1321171",5,20,20.3714804003365,0.371480400336548,FALSE,FALSE
"Kid","timesignatr","GSM1321175","GSM1321175",5,4,4.85123138879975,0.851231388799754,FALSE,FALSE
"Kid","timesignatr","GSM1321164","GSM1321164",6,6,5.25825748071958,0.741742519280424,FALSE,FALSE
"Kid","timesignatr","GSM1321169","GSM1321169",6,16,15.8894252788588,0.110574721141248,FALSE,FALSE
"Kid","timesignatr","GSM1321174","GSM1321174",6,2,1.01485702051662,0.985142979483381,FALSE,FALSE
"Kid","timesignatr","GSM1321181","GSM1321181",6,16,16.9000920203741,0.900092020374082,FALSE,FALSE
"Liv","timetable","GSM1321183","GSM1321183",1,20,21.5,1.5,FALSE,FALSE
"Liv","timetable","GSM1321184","GSM1321184",1,22,23.4166666666667,1.41666666666666,FALSE,FALSE
"Liv","timetable","GSM1321194","GSM1321194",1,18,18.5,0.5,FALSE,FALSE
"Liv","timetable","GSM1321202","GSM1321202",1,10,10.9166666666667,0.916666666666666,FALSE,FALSE
"Liv","timetable","GSM1321185","GSM1321185",2,0,22.8333333333333,1.16666666666667,FALSE,FALSE
"Liv","timetable","GSM1321187","GSM1321187",2,4,2.66666666666667,1.33333333333333,FALSE,FALSE
"Liv","timetable","GSM1321200","GSM1321200",2,6,6.91666666666667,0.916666666666666,FALSE,FALSE
"Liv","timetable","GSM1321201","GSM1321201",2,8,9.16666666666667,1.16666666666667,FALSE,FALSE
"Liv","timetable","GSM1321196","GSM1321196",3,22,20.1666666666667,1.83333333333334,FALSE,FALSE
"Liv","timetable","GSM1321197","GSM1321197",3,0,20.0833333333333,3.91666666666667,FALSE,FALSE
"Liv","timetable","GSM1321203","GSM1321203",3,12,12.25,0.25,FALSE,FALSE
"Liv","timetable","GSM1321204","GSM1321204",3,14,15.25,1.25,FALSE,FALSE
"Liv","timetable","GSM1321182","GSM1321182",4,18,17.5833333333333,0.416666666666668,FALSE,FALSE
"Liv","timetable","GSM1321189","GSM1321189",4,8,8.16666666666667,0.166666666666666,FALSE,FALSE
"Liv","timetable","GSM1321191","GSM1321191",4,12,11.1666666666667,0.833333333333334,FALSE,FALSE
"Liv","timetable","GSM1321192","GSM1321192",4,14,13.6666666666667,0.333333333333334,FALSE,FALSE
"Liv","timetable","GSM1321186","GSM1321186",5,2,2.16666666666667,0.166666666666667,FALSE,FALSE
"Liv","timetable","GSM1321190","GSM1321190",5,10,10,0,FALSE,FALSE
"Liv","timetable","GSM1321195","GSM1321195",5,20,20.0833333333333,0.0833333333333321,FALSE,FALSE
"Liv","timetable","GSM1321199","GSM1321199",5,4,4.83333333333333,0.833333333333333,FALSE,FALSE
"Liv","timetable","GSM1321188","GSM1321188",6,6,5,1,FALSE,FALSE
"Liv","timetable","GSM1321193","GSM1321193",6,16,16.5833333333333,0.583333333333332,FALSE,FALSE
"Liv","timetable","GSM1321198","GSM1321198",6,2,0.333333333333333,1.66666666666667,FALSE,FALSE
"Liv","timetable","GSM1321205","GSM1321205",6,16,17.1666666666667,1.16666666666666,FALSE,FALSE
"Liv","taufisher","GSM1321183","GSM1321183",1,20,22,2,FALSE,FALSE
"Liv","taufisher","GSM1321184","GSM1321184",1,22,23,1,FALSE,FALSE
"Liv","taufisher","GSM1321194","GSM1321194",1,18,16,2,FALSE,FALSE
"Liv","taufisher","GSM1321202","GSM1321202",1,10,10,0,FALSE,FALSE
"Liv","taufisher","GSM1321185","GSM1321185",2,0,1,1,FALSE,FALSE
"Liv","taufisher","GSM1321187","GSM1321187",2,4,4,0,FALSE,FALSE
"Liv","taufisher","GSM1321200","GSM1321200",2,6,7,1,FALSE,FALSE
"Liv","taufisher","GSM1321201","GSM1321201",2,8,8,0,FALSE,FALSE
"Liv","taufisher","GSM1321196","GSM1321196",3,22,21,1,FALSE,FALSE
"Liv","taufisher","GSM1321197","GSM1321197",3,0,21,3,FALSE,FALSE
"Liv","taufisher","GSM1321203","GSM1321203",3,12,12,0,FALSE,FALSE
"Liv","taufisher","GSM1321204","GSM1321204",3,14,14,0,FALSE,FALSE
"Liv","taufisher","GSM1321182","GSM1321182",4,18,17,1,FALSE,FALSE
"Liv","taufisher","GSM1321189","GSM1321189",4,8,9,1,FALSE,FALSE
"Liv","taufisher","GSM1321191","GSM1321191",4,12,11,1,FALSE,FALSE
"Liv","taufisher","GSM1321192","GSM1321192",4,14,14,0,FALSE,FALSE
"Liv","taufisher","GSM1321186","GSM1321186",5,2,3,1,FALSE,FALSE
"Liv","taufisher","GSM1321190","GSM1321190",5,10,9,1,FALSE,FALSE
"Liv","taufisher","GSM1321195","GSM1321195",5,20,21,1,FALSE,FALSE
"Liv","taufisher","GSM1321199","GSM1321199",5,4,5,1,FALSE,FALSE
"Liv","taufisher","GSM1321188","GSM1321188",6,6,NA,NA,FALSE,TRUE
"Liv","taufisher","GSM1321193","GSM1321193",6,16,NA,NA,FALSE,TRUE
"Liv","taufisher","GSM1321198","GSM1321198",6,2,NA,NA,FALSE,TRUE
"Liv","taufisher","GSM1321205","GSM1321205",6,16,NA,NA,FALSE,TRUE
"Liv","zeitzeiger","GSM1321183","GSM1321183",1,20,1.62336793230578,5.62336793230578,FALSE,FALSE
"Liv","zeitzeiger","GSM1321184","GSM1321184",1,22,22.6893830763261,0.689383076326131,FALSE,FALSE
"Liv","zeitzeiger","GSM1321194","GSM1321194",1,18,17.6755032659494,0.324496734050623,FALSE,FALSE
"Liv","zeitzeiger","GSM1321202","GSM1321202",1,10,11.3952012924046,1.39520129240461,FALSE,FALSE
"Liv","zeitzeiger","GSM1321185","GSM1321185",2,0,19.8015560868224,4.19844391317756,FALSE,FALSE
"Liv","zeitzeiger","GSM1321187","GSM1321187",2,4,4.89013019383908,0.890130193839081,FALSE,FALSE
"Liv","zeitzeiger","GSM1321200","GSM1321200",2,6,7.29803268568645,1.29803268568645,FALSE,FALSE
"Liv","zeitzeiger","GSM1321201","GSM1321201",2,8,7.01683617887955,0.983163821120455,FALSE,FALSE
"Liv","zeitzeiger","GSM1321196","GSM1321196",3,22,21.232054950103,0.767945049897033,FALSE,FALSE
"Liv","zeitzeiger","GSM1321197","GSM1321197",3,0,21.3768751121113,2.62312488788871,FALSE,FALSE
"Liv","zeitzeiger","GSM1321203","GSM1321203",3,12,11.8160060192956,0.183993980704424,FALSE,FALSE
"Liv","zeitzeiger","GSM1321204","GSM1321204",3,14,14.9032231678828,0.903223167882832,FALSE,FALSE
"Liv","zeitzeiger","GSM1321182","GSM1321182",4,18,18.0733885524633,0.0733885524632854,FALSE,FALSE
"Liv","zeitzeiger","GSM1321189","GSM1321189",4,8,8.84450157884434,0.844501578844344,FALSE,FALSE
"Liv","zeitzeiger","GSM1321191","GSM1321191",4,12,10.3234491906517,1.67655080934833,FALSE,FALSE
"Liv","zeitzeiger","GSM1321192","GSM1321192",4,14,13.0803149416112,0.919685058388838,FALSE,FALSE
"Liv","zeitzeiger","GSM1321186","GSM1321186",5,2,3.11650058225085,1.11650058225085,FALSE,FALSE
"Liv","zeitzeiger","GSM1321190","GSM1321190",5,10,11.637760494962,1.63776049496203,FALSE,FALSE
"Liv","zeitzeiger","GSM1321195","GSM1321195",5,20,20.4563605295494,0.45636052954935,FALSE,FALSE
"Liv","zeitzeiger","GSM1321199","GSM1321199",5,4,4.60896071525907,0.608960715259065,FALSE,FALSE
"Liv","zeitzeiger","GSM1321188","GSM1321188",6,6,4.72572614215515,1.27427385784485,FALSE,FALSE
"Liv","zeitzeiger","GSM1321193","GSM1321193",6,16,15.5674371284854,0.432562871514584,FALSE,FALSE
"Liv","zeitzeiger","GSM1321198","GSM1321198",6,2,1.56878684171169,0.431213158288306,FALSE,FALSE
"Liv","zeitzeiger","GSM1321205","GSM1321205",6,16,2.97496863879918,10.9749686387992,FALSE,FALSE
"Liv","timesignatr","GSM1321183","GSM1321183",1,20,22.5821242875727,2.5821242875727,FALSE,FALSE
"Liv","timesignatr","GSM1321184","GSM1321184",1,22,23.7521553951087,1.75215539510867,FALSE,FALSE
"Liv","timesignatr","GSM1321194","GSM1321194",1,18,18.4648990859585,0.464899085958493,FALSE,FALSE
"Liv","timesignatr","GSM1321202","GSM1321202",1,10,10.0160320076708,0.0160320076708302,FALSE,FALSE
"Liv","timesignatr","GSM1321185","GSM1321185",2,0,22.4764464509383,1.52355354906172,FALSE,FALSE
"Liv","timesignatr","GSM1321187","GSM1321187",2,4,2.18073552959882,1.81926447040118,FALSE,FALSE
"Liv","timesignatr","GSM1321200","GSM1321200",2,6,6.18046057306748,0.180460573067475,FALSE,FALSE
"Liv","timesignatr","GSM1321201","GSM1321201",2,8,9.351530682651,1.351530682651,FALSE,FALSE
"Liv","timesignatr","GSM1321196","GSM1321196",3,22,21.1308626817907,0.869137318209312,FALSE,FALSE
"Liv","timesignatr","GSM1321197","GSM1321197",3,0,20.7671075219802,3.23289247801975,FALSE,FALSE
"Liv","timesignatr","GSM1321203","GSM1321203",3,12,12.1396878739775,0.139687873977479,FALSE,FALSE
"Liv","timesignatr","GSM1321204","GSM1321204",3,14,15.2809188184459,1.28091881844586,FALSE,FALSE
"Liv","timesignatr","GSM1321182","GSM1321182",4,18,17.8419813584764,0.15801864152364,FALSE,FALSE
"Liv","timesignatr","GSM1321189","GSM1321189",4,8,8.40976514884582,0.409765148845819,FALSE,FALSE
"Liv","timesignatr","GSM1321191","GSM1321191",4,12,11.2943681959545,0.705631804045529,FALSE,FALSE
"Liv","timesignatr","GSM1321192","GSM1321192",4,14,13.1769769445928,0.823023055407182,FALSE,FALSE
"Liv","timesignatr","GSM1321186","GSM1321186",5,2,2.13240239066937,0.132402390669371,FALSE,FALSE
"Liv","timesignatr","GSM1321190","GSM1321190",5,10,9.30988755656463,0.690112443435368,FALSE,FALSE
"Liv","timesignatr","GSM1321195","GSM1321195",5,20,20.897860741063,0.89786074106296,FALSE,FALSE
"Liv","timesignatr","GSM1321199","GSM1321199",5,4,3.99631601982348,0.00368398017651606,FALSE,FALSE
"Liv","timesignatr","GSM1321188","GSM1321188",6,6,5.24778981833728,0.752210181662717,FALSE,FALSE
"Liv","timesignatr","GSM1321193","GSM1321193",6,16,16.3840428572968,0.384042857296805,FALSE,FALSE
"Liv","timesignatr","GSM1321198","GSM1321198",6,2,1.01955329946108,0.980446700538924,FALSE,FALSE
"Liv","timesignatr","GSM1321205","GSM1321205",6,16,17.2013501268454,1.20135012684537,FALSE,FALSE
"Lun","timetable","GSM1321207","GSM1321207",1,20,20.3333333333333,0.333333333333332,FALSE,FALSE
"Lun","timetable","GSM1321208","GSM1321208",1,22,22.3333333333333,0.333333333333332,FALSE,FALSE
"Lun","timetable","GSM1321218","GSM1321218",1,18,17.5,0.5,FALSE,FALSE
"Lun","timetable","GSM1321226","GSM1321226",1,10,10.75,0.75,FALSE,FALSE
"Lun","timetable","GSM1321209","GSM1321209",2,0,0.166666666666667,0.166666666666667,FALSE,FALSE
"Lun","timetable","GSM1321211","GSM1321211",2,4,3.91666666666667,0.0833333333333335,FALSE,FALSE
"Lun","timetable","GSM1321224","GSM1321224",2,6,6.75,0.75,FALSE,FALSE
"Lun","timetable","GSM1321225","GSM1321225",2,8,8.91666666666667,0.916666666666666,FALSE,FALSE
"Lun","timetable","GSM1321220","GSM1321220",3,22,21.1666666666667,0.833333333333336,FALSE,FALSE
"Lun","timetable","GSM1321221","GSM1321221",3,0,22.75,1.25,FALSE,FALSE
"Lun","timetable","GSM1321227","GSM1321227",3,12,12,0,FALSE,FALSE
"Lun","timetable","GSM1321228","GSM1321228",3,14,15.0833333333333,1.08333333333333,FALSE,FALSE
"Lun","timetable","GSM1321206","GSM1321206",4,18,17.0833333333333,0.916666666666668,FALSE,FALSE
"Lun","timetable","GSM1321213","GSM1321213",4,8,8.16666666666667,0.166666666666666,FALSE,FALSE
"Lun","timetable","GSM1321215","GSM1321215",4,12,10.9166666666667,1.08333333333333,FALSE,FALSE
"Lun","timetable","GSM1321216","GSM1321216",4,14,13.4166666666667,0.583333333333334,FALSE,FALSE
"Lun","timetable","GSM1321210","GSM1321210",5,2,2.16666666666667,0.166666666666667,FALSE,FALSE
"Lun","timetable","GSM1321214","GSM1321214",5,10,10.3333333333333,0.333333333333332,FALSE,FALSE
"Lun","timetable","GSM1321219","GSM1321219",5,20,19.6666666666667,0.333333333333336,FALSE,FALSE
"Lun","timetable","GSM1321223","GSM1321223",5,4,4.83333333333333,0.833333333333333,FALSE,FALSE
"Lun","timetable","GSM1321212","GSM1321212",6,6,5.33333333333333,0.666666666666667,FALSE,FALSE
"Lun","timetable","GSM1321217","GSM1321217",6,16,16,0,FALSE,FALSE
"Lun","timetable","GSM1321222","GSM1321222",6,2,0.833333333333333,1.16666666666667,FALSE,FALSE
"Lun","timetable","GSM1321229","GSM1321229",6,16,17.1666666666667,1.16666666666666,FALSE,FALSE
"Lun","taufisher","GSM1321207","GSM1321207",1,20,20,0,FALSE,FALSE
"Lun","taufisher","GSM1321208","GSM1321208",1,22,23,1,FALSE,FALSE
"Lun","taufisher","GSM1321218","GSM1321218",1,18,17,1,FALSE,FALSE
"Lun","taufisher","GSM1321226","GSM1321226",1,10,10,0,FALSE,FALSE
"Lun","taufisher","GSM1321209","GSM1321209",2,0,1,1,FALSE,FALSE
"Lun","taufisher","GSM1321211","GSM1321211",2,4,4,0,FALSE,FALSE
"Lun","taufisher","GSM1321224","GSM1321224",2,6,6,0,FALSE,FALSE
"Lun","taufisher","GSM1321225","GSM1321225",2,8,8,0,FALSE,FALSE
"Lun","taufisher","GSM1321220","GSM1321220",3,22,21,1,FALSE,FALSE
"Lun","taufisher","GSM1321221","GSM1321221",3,0,23,1,FALSE,FALSE
"Lun","taufisher","GSM1321227","GSM1321227",3,12,12,0,FALSE,FALSE
"Lun","taufisher","GSM1321228","GSM1321228",3,14,15,1,FALSE,FALSE
"Lun","taufisher","GSM1321206","GSM1321206",4,18,17,1,FALSE,FALSE
"Lun","taufisher","GSM1321213","GSM1321213",4,8,8,0,FALSE,FALSE
"Lun","taufisher","GSM1321215","GSM1321215",4,12,11,1,FALSE,FALSE
"Lun","taufisher","GSM1321216","GSM1321216",4,14,13,1,FALSE,FALSE
"Lun","taufisher","GSM1321210","GSM1321210",5,2,3,1,FALSE,FALSE
"Lun","taufisher","GSM1321214","GSM1321214",5,10,9,1,FALSE,FALSE
"Lun","taufisher","GSM1321219","GSM1321219",5,20,20,0,FALSE,FALSE
"Lun","taufisher","GSM1321223","GSM1321223",5,4,5,1,FALSE,FALSE
"Lun","taufisher","GSM1321212","GSM1321212",6,6,NA,NA,FALSE,TRUE
"Lun","taufisher","GSM1321217","GSM1321217",6,16,NA,NA,FALSE,TRUE
"Lun","taufisher","GSM1321222","GSM1321222",6,2,NA,NA,FALSE,TRUE
"Lun","taufisher","GSM1321229","GSM1321229",6,16,NA,NA,FALSE,TRUE
"Lun","zeitzeiger","GSM1321207","GSM1321207",1,20,20.1562607766211,0.156260776621131,FALSE,FALSE
"Lun","zeitzeiger","GSM1321208","GSM1321208",1,22,21.8515538088177,0.148446191182344,FALSE,FALSE
"Lun","zeitzeiger","GSM1321218","GSM1321218",1,18,18.4236618815114,0.423661881511435,FALSE,FALSE
"Lun","zeitzeiger","GSM1321226","GSM1321226",1,10,9.64021530809282,0.359784691907183,FALSE,FALSE
"Lun","zeitzeiger","GSM1321209","GSM1321209",2,0,0.130584316879373,0.130584316879373,FALSE,FALSE
"Lun","zeitzeiger","GSM1321211","GSM1321211",2,4,2.36619435909454,1.63380564090546,FALSE,FALSE
"Lun","zeitzeiger","GSM1321224","GSM1321224",2,6,7.42888400509937,1.42888400509937,FALSE,FALSE
"Lun","zeitzeiger","GSM1321225","GSM1321225",2,8,8.16732721784874,0.167327217848742,FALSE,FALSE
"Lun","zeitzeiger","GSM1321220","GSM1321220",3,22,21.9682022665368,0.0317977334631578,FALSE,FALSE
"Lun","zeitzeiger","GSM1321221","GSM1321221",3,0,0.387980404136784,0.387980404136784,FALSE,FALSE
"Lun","zeitzeiger","GSM1321227","GSM1321227",3,12,11.714586552452,0.285413447548002,FALSE,FALSE
"Lun","zeitzeiger","GSM1321228","GSM1321228",3,14,14.4234859778279,0.423485977827877,FALSE,FALSE
"Lun","zeitzeiger","GSM1321206","GSM1321206",4,18,17.3911119311282,0.608888068871845,FALSE,FALSE
"Lun","zeitzeiger","GSM1321213","GSM1321213",4,8,7.16989413105084,0.830105868949161,FALSE,FALSE
"Lun","zeitzeiger","GSM1321215","GSM1321215",4,12,12.0593998704885,0.0593998704885301,FALSE,FALSE
"Lun","zeitzeiger","GSM1321216","GSM1321216",4,14,13.7711204849186,0.228879515081402,FALSE,FALSE
"Lun","zeitzeiger","GSM1321210","GSM1321210",5,2,2.68850096262652,0.688500962626516,FALSE,FALSE
"Lun","zeitzeiger","GSM1321214","GSM1321214",5,10,10.4447032712537,0.44470327125369,FALSE,FALSE
"Lun","zeitzeiger","GSM1321219","GSM1321219",5,20,19.9425454621625,0.0574545378374722,FALSE,FALSE
"Lun","zeitzeiger","GSM1321223","GSM1321223",5,4,4.88940421598138,0.889404215981383,FALSE,FALSE
"Lun","zeitzeiger","GSM1321212","GSM1321212",6,6,4.99952912936577,1.00047087063423,FALSE,FALSE
"Lun","zeitzeiger","GSM1321217","GSM1321217",6,16,16.1604158153115,0.160415815311527,FALSE,FALSE
"Lun","zeitzeiger","GSM1321222","GSM1321222",6,2,0,2,FALSE,FALSE
"Lun","zeitzeiger","GSM1321229","GSM1321229",6,16,16.9493453102341,0.94934531023409,FALSE,FALSE
"Lun","timesignatr","GSM1321207","GSM1321207",1,20,20.7887651446822,0.788765144682159,FALSE,FALSE
"Lun","timesignatr","GSM1321208","GSM1321208",1,22,22.5770688399397,0.577068839939706,FALSE,FALSE
"Lun","timesignatr","GSM1321218","GSM1321218",1,18,18.1936981256649,0.193698125664906,FALSE,FALSE
"Lun","timesignatr","GSM1321226","GSM1321226",1,10,10.6231912236763,0.623191223676347,FALSE,FALSE
"Lun","timesignatr","GSM1321209","GSM1321209",2,0,0.097143220256223,0.097143220256223,FALSE,FALSE
"Lun","timesignatr","GSM1321211","GSM1321211",2,4,4.14869634919757,0.148696349197571,FALSE,FALSE
"Lun","timesignatr","GSM1321224","GSM1321224",2,6,6.30028728564995,0.300287285649945,FALSE,FALSE
"Lun","timesignatr","GSM1321225","GSM1321225",2,8,8.39317326278476,0.393173262784764,FALSE,FALSE
"Lun","timesignatr","GSM1321220","GSM1321220",3,22,21.8448410108813,0.155158989118718,FALSE,FALSE
"Lun","timesignatr","GSM1321221","GSM1321221",3,0,23.456952873098,0.543047126901971,FALSE,FALSE
"Lun","timesignatr","GSM1321227","GSM1321227",3,12,11.0637608138858,0.93623918611422,FALSE,FALSE
"Lun","timesignatr","GSM1321228","GSM1321228",3,14,14.389479793622,0.389479793622035,FALSE,FALSE
"Lun","timesignatr","GSM1321206","GSM1321206",4,18,17.4448581650073,0.555141834992714,FALSE,FALSE
"Lun","timesignatr","GSM1321213","GSM1321213",4,8,7.62044957715559,0.379550422844408,FALSE,FALSE
"Lun","timesignatr","GSM1321215","GSM1321215",4,12,11.6021081091782,0.397891890821768,FALSE,FALSE
"Lun","timesignatr","GSM1321216","GSM1321216",4,14,14.8964661451545,0.896466145154466,FALSE,FALSE
"Lun","timesignatr","GSM1321210","GSM1321210",5,2,1.91538555550466,0.0846144444953383,FALSE,FALSE
"Lun","timesignatr","GSM1321214","GSM1321214",5,10,10.1224904323174,0.122490432317415,FALSE,FALSE
"Lun","timesignatr","GSM1321219","GSM1321219",5,20,20.2981225674232,0.29812256742321,FALSE,FALSE
"Lun","timesignatr","GSM1321223","GSM1321223",5,4,4.59841636781913,0.598416367819129,FALSE,FALSE
"Lun","timesignatr","GSM1321212","GSM1321212",6,6,5.1789007508039,0.821099249196095,FALSE,FALSE
"Lun","timesignatr","GSM1321217","GSM1321217",6,16,16.1321927260154,0.132192726015425,FALSE,FALSE
"Lun","timesignatr","GSM1321222","GSM1321222",6,2,0.342112447464852,1.65788755253515,FALSE,FALSE
"Lun","timesignatr","GSM1321229","GSM1321229",6,16,16.7086624903028,0.70866249030281,FALSE,FALSE
"Mus","timetable","GSM1321231","GSM1321231",1,20,19.3333333333333,0.666666666666668,FALSE,FALSE
"Mus","timetable","GSM1321232","GSM1321232",1,22,22.3333333333333,0.333333333333332,FALSE,FALSE
"Mus","timetable","GSM1321242","GSM1321242",1,18,17.5,0.5,FALSE,FALSE
"Mus","timetable","GSM1321250","GSM1321250",1,10,10.6666666666667,0.666666666666666,FALSE,FALSE
"Mus","timetable","GSM1321233","GSM1321233",2,0,23.0833333333333,0.916666666666668,FALSE,FALSE
"Mus","timetable","GSM1321235","GSM1321235",2,4,3.16666666666667,0.833333333333333,FALSE,FALSE
"Mus","timetable","GSM1321248","GSM1321248",2,6,6.41666666666667,0.416666666666666,FALSE,FALSE
"Mus","timetable","GSM1321249","GSM1321249",2,8,8.5,0.5,FALSE,FALSE
"Mus","timetable","GSM1321244","GSM1321244",3,22,21.25,0.75,FALSE,FALSE
"Mus","timetable","GSM1321245","GSM1321245",3,0,23,1,FALSE,FALSE
"Mus","timetable","GSM1321251","GSM1321251",3,12,13.0833333333333,1.08333333333333,FALSE,FALSE
"Mus","timetable","GSM1321252","GSM1321252",3,14,15.4166666666667,1.41666666666667,FALSE,FALSE
"Mus","timetable","GSM1321230","GSM1321230",4,18,17.0833333333333,0.916666666666668,FALSE,FALSE
"Mus","timetable","GSM1321237","GSM1321237",4,8,7.75,0.25,FALSE,FALSE
"Mus","timetable","GSM1321239","GSM1321239",4,12,11.5,0.5,FALSE,FALSE
"Mus","timetable","GSM1321240","GSM1321240",4,14,14,0,FALSE,FALSE
"Mus","timetable","GSM1321234","GSM1321234",5,2,2.5,0.5,FALSE,FALSE
"Mus","timetable","GSM1321238","GSM1321238",5,10,10,0,FALSE,FALSE
"Mus","timetable","GSM1321243","GSM1321243",5,20,19.8333333333333,0.166666666666668,FALSE,FALSE
"Mus","timetable","GSM1321247","GSM1321247",5,4,5.5,1.5,FALSE,FALSE
"Mus","timetable","GSM1321236","GSM1321236",6,6,5.58333333333333,0.416666666666667,FALSE,FALSE
"Mus","timetable","GSM1321241","GSM1321241",6,16,15.6666666666667,0.333333333333334,FALSE,FALSE
"Mus","timetable","GSM1321246","GSM1321246",6,2,1.25,0.75,FALSE,FALSE
"Mus","timetable","GSM1321253","GSM1321253",6,16,16.25,0.25,FALSE,FALSE
"Mus","taufisher","GSM1321231","GSM1321231",1,20,19,1,FALSE,FALSE
"Mus","taufisher","GSM1321232","GSM1321232",1,22,0,2,FALSE,FALSE
"Mus","taufisher","GSM1321242","GSM1321242",1,18,18,0,FALSE,FALSE
"Mus","taufisher","GSM1321250","GSM1321250",1,10,10,0,FALSE,FALSE
"Mus","taufisher","GSM1321233","GSM1321233",2,0,23,1,FALSE,FALSE
"Mus","taufisher","GSM1321235","GSM1321235",2,4,4,0,FALSE,FALSE
"Mus","taufisher","GSM1321248","GSM1321248",2,6,6,0,FALSE,FALSE
"Mus","taufisher","GSM1321249","GSM1321249",2,8,9,1,FALSE,FALSE
"Mus","taufisher","GSM1321244","GSM1321244",3,22,21,1,FALSE,FALSE
"Mus","taufisher","GSM1321245","GSM1321245",3,0,0,0,FALSE,FALSE
"Mus","taufisher","GSM1321251","GSM1321251",3,12,12,0,FALSE,FALSE
"Mus","taufisher","GSM1321252","GSM1321252",3,14,15,1,FALSE,FALSE
"Mus","taufisher","GSM1321230","GSM1321230",4,18,17,1,FALSE,FALSE
"Mus","taufisher","GSM1321237","GSM1321237",4,8,8,0,FALSE,FALSE
"Mus","taufisher","GSM1321239","GSM1321239",4,12,11,1,FALSE,FALSE
"Mus","taufisher","GSM1321240","GSM1321240",4,14,13,1,FALSE,FALSE
"Mus","taufisher","GSM1321234","GSM1321234",5,2,3,1,FALSE,FALSE
"Mus","taufisher","GSM1321238","GSM1321238",5,10,9,1,FALSE,FALSE
"Mus","taufisher","GSM1321243","GSM1321243",5,20,20,0,FALSE,FALSE
"Mus","taufisher","GSM1321247","GSM1321247",5,4,5,1,FALSE,FALSE
"Mus","taufisher","GSM1321236","GSM1321236",6,6,NA,NA,FALSE,TRUE
"Mus","taufisher","GSM1321241","GSM1321241",6,16,NA,NA,FALSE,TRUE
"Mus","taufisher","GSM1321246","GSM1321246",6,2,NA,NA,FALSE,TRUE
"Mus","taufisher","GSM1321253","GSM1321253",6,16,NA,NA,FALSE,TRUE
"Mus","zeitzeiger","GSM1321231","GSM1321231",1,20,20.6738426867091,0.673842686709083,FALSE,FALSE
"Mus","zeitzeiger","GSM1321232","GSM1321232",1,22,0.572375491324109,2.57237549132411,FALSE,FALSE
"Mus","zeitzeiger","GSM1321242","GSM1321242",1,18,18.3739086118541,0.373908611854119,FALSE,FALSE
"Mus","zeitzeiger","GSM1321250","GSM1321250",1,10,12.556604288992,2.55660428899199,FALSE,FALSE
"Mus","zeitzeiger","GSM1321233","GSM1321233",2,0,18.9701547239672,5.02984527603284,FALSE,FALSE
"Mus","zeitzeiger","GSM1321235","GSM1321235",2,4,3.49668223353327,0.503317766466735,FALSE,FALSE
"Mus","zeitzeiger","GSM1321248","GSM1321248",2,6,5.72868990404599,0.271310095954011,FALSE,FALSE
"Mus","zeitzeiger","GSM1321249","GSM1321249",2,8,8.4664832511192,0.466483251119202,FALSE,FALSE
"Mus","zeitzeiger","GSM1321244","GSM1321244",3,22,23.0544487651624,1.05444876516244,FALSE,FALSE
"Mus","zeitzeiger","GSM1321245","GSM1321245",3,0,22.7157030243538,1.28429697564622,FALSE,FALSE
"Mus","zeitzeiger","GSM1321251","GSM1321251",3,12,13.0062383714588,1.00623837145882,FALSE,FALSE
"Mus","zeitzeiger","GSM1321252","GSM1321252",3,14,16.0972297567678,2.0972297567678,FALSE,FALSE
"Mus","zeitzeiger","GSM1321230","GSM1321230",4,18,17.7993592274979,0.200640772502052,FALSE,FALSE
"Mus","zeitzeiger","GSM1321237","GSM1321237",4,8,6.54544200736379,1.45455799263621,FALSE,FALSE
"Mus","zeitzeiger","GSM1321239","GSM1321239",4,12,12.6447192219243,0.644719221924346,FALSE,FALSE
"Mus","zeitzeiger","GSM1321240","GSM1321240",4,14,14.2633669060868,0.263366906086819,FALSE,FALSE
"Mus","zeitzeiger","GSM1321234","GSM1321234",5,2,2.40017455821648,0.400174558216478,FALSE,FALSE
"Mus","zeitzeiger","GSM1321238","GSM1321238",5,10,8.48404113767509,1.51595886232491,FALSE,FALSE
"Mus","zeitzeiger","GSM1321243","GSM1321243",5,20,19.6177706383951,0.382229361604903,FALSE,FALSE
"Mus","zeitzeiger","GSM1321247","GSM1321247",5,4,6.7257385895161,2.7257385895161,FALSE,FALSE
"Mus","zeitzeiger","GSM1321236","GSM1321236",6,6,5.62749353624646,0.372506463753544,FALSE,FALSE
"Mus","zeitzeiger","GSM1321241","GSM1321241",6,16,15.6519437642101,0.348056235789942,FALSE,FALSE
"Mus","zeitzeiger","GSM1321246","GSM1321246",6,2,1.72943917190699,0.270560828093009,FALSE,FALSE
"Mus","zeitzeiger","GSM1321253","GSM1321253",6,16,5.38048293080559,10.6195170691944,FALSE,FALSE
"Mus","timesignatr","GSM1321231","GSM1321231",1,20,19.1696719078105,0.830328092189458,FALSE,FALSE
"Mus","timesignatr","GSM1321232","GSM1321232",1,22,22.8277508631093,0.827750863109344,FALSE,FALSE
"Mus","timesignatr","GSM1321242","GSM1321242",1,18,18.6341504238793,0.634150423879266,FALSE,FALSE
"Mus","timesignatr","GSM1321250","GSM1321250",1,10,11.6238216755991,1.62382167559912,FALSE,FALSE
"Mus","timesignatr","GSM1321233","GSM1321233",2,0,21.5673262234445,2.43267377655553,FALSE,FALSE
"Mus","timesignatr","GSM1321235","GSM1321235",2,4,1.92339683393336,2.07660316606664,FALSE,FALSE
"Mus","timesignatr","GSM1321248","GSM1321248",2,6,6.41315911393667,0.413159113936671,FALSE,FALSE
"Mus","timesignatr","GSM1321249","GSM1321249",2,8,8.56108967201581,0.561089672015809,FALSE,FALSE
"Mus","timesignatr","GSM1321244","GSM1321244",3,22,20.5151510198413,1.48484898015868,FALSE,FALSE
"Mus","timesignatr","GSM1321245","GSM1321245",3,0,23.8040549955724,0.195945004427564,FALSE,FALSE
"Mus","timesignatr","GSM1321251","GSM1321251",3,12,12.0410063261143,0.0410063261142923,FALSE,FALSE
"Mus","timesignatr","GSM1321252","GSM1321252",3,14,15.3057019806561,1.3057019806561,FALSE,FALSE
"Mus","timesignatr","GSM1321230","GSM1321230",4,18,19.8089430440419,1.80894304404192,FALSE,FALSE
"Mus","timesignatr","GSM1321237","GSM1321237",4,8,7.13998990630774,0.860010093692261,FALSE,FALSE
"Mus","timesignatr","GSM1321239","GSM1321239",4,12,10.0248457111163,1.97515428888374,FALSE,FALSE
"Mus","timesignatr","GSM1321240","GSM1321240",4,14,13.4086222695323,0.591377730467745,FALSE,FALSE
"Mus","timesignatr","GSM1321234","GSM1321234",5,2,1.85099305966355,0.149006940336448,FALSE,FALSE
"Mus","timesignatr","GSM1321238","GSM1321238",5,10,10.5780055668932,0.578005566893209,FALSE,FALSE
"Mus","timesignatr","GSM1321243","GSM1321243",5,20,20.5604950694703,0.560495069470253,FALSE,FALSE
"Mus","timesignatr","GSM1321247","GSM1321247",5,4,5.22536425851277,1.22536425851277,FALSE,FALSE
"Mus","timesignatr","GSM1321236","GSM1321236",6,6,5.64993265280178,0.350067347198216,FALSE,FALSE
"Mus","timesignatr","GSM1321241","GSM1321241",6,16,15.3427211638675,0.657278836132523,FALSE,FALSE
"Mus","timesignatr","GSM1321246","GSM1321246",6,2,0.898403591496448,1.10159640850355,FALSE,FALSE
"Mus","timesignatr","GSM1321253","GSM1321253",6,16,6.99650203603343,9.00349796396657,FALSE,FALSE
"WFat","timetable","GSM1321255","GSM1321255",1,20,20.8333333333333,0.833333333333332,FALSE,FALSE
"WFat","timetable","GSM1321256","GSM1321256",1,22,0.583333333333333,2.58333333333333,FALSE,FALSE
"WFat","timetable","GSM1321266","GSM1321266",1,18,17.75,0.25,FALSE,FALSE
"WFat","timetable","GSM1321274","GSM1321274",1,10,10.5,0.5,FALSE,FALSE
"WFat","timetable","GSM1321257","GSM1321257",2,0,23.5833333333333,0.416666666666668,FALSE,FALSE
"WFat","timetable","GSM1321259","GSM1321259",2,4,3.16666666666667,0.833333333333333,FALSE,FALSE
"WFat","timetable","GSM1321272","GSM1321272",2,6,6.75,0.75,FALSE,FALSE
"WFat","timetable","GSM1321273","GSM1321273",2,8,9.33333333333333,1.33333333333333,FALSE,FALSE
"WFat","timetable","GSM1321268","GSM1321268",3,22,21.4166666666667,0.583333333333336,FALSE,FALSE
"WFat","timetable","GSM1321269","GSM1321269",3,0,22.75,1.25,FALSE,FALSE
"WFat","timetable","GSM1321275","GSM1321275",3,12,11.9166666666667,0.0833333333333339,FALSE,FALSE
"WFat","timetable","GSM1321276","GSM1321276",3,14,15.4166666666667,1.41666666666667,FALSE,FALSE
"WFat","timetable","GSM1321254","GSM1321254",4,18,17.75,0.25,FALSE,FALSE
"WFat","timetable","GSM1321261","GSM1321261",4,8,7.58333333333333,0.416666666666667,FALSE,FALSE
"WFat","timetable","GSM1321263","GSM1321263",4,12,11.5833333333333,0.416666666666668,FALSE,FALSE
"WFat","timetable","GSM1321264","GSM1321264",4,14,13.25,0.75,FALSE,FALSE
"WFat","timetable","GSM1321258","GSM1321258",5,2,1.33333333333333,0.666666666666667,FALSE,FALSE
"WFat","timetable","GSM1321262","GSM1321262",5,10,9.58333333333333,0.416666666666668,FALSE,FALSE
"WFat","timetable","GSM1321267","GSM1321267",5,20,20.5833333333333,0.583333333333332,FALSE,FALSE
"WFat","timetable","GSM1321271","GSM1321271",5,4,4.75,0.75,FALSE,FALSE
"WFat","timetable","GSM1321260","GSM1321260",6,6,5,1,FALSE,FALSE
"WFat","timetable","GSM1321265","GSM1321265",6,16,15.25,0.75,FALSE,FALSE
"WFat","timetable","GSM1321270","GSM1321270",6,2,2.41666666666667,0.416666666666667,FALSE,FALSE
"WFat","timetable","GSM1321277","GSM1321277",6,16,16.5833333333333,0.583333333333332,FALSE,FALSE
"WFat","taufisher","GSM1321255","GSM1321255",1,20,21,1,FALSE,FALSE
"WFat","taufisher","GSM1321256","GSM1321256",1,22,23,1,FALSE,FALSE
"WFat","taufisher","GSM1321266","GSM1321266",1,18,18,0,FALSE,FALSE
"WFat","taufisher","GSM1321274","GSM1321274",1,10,9,1,FALSE,FALSE
"WFat","taufisher","GSM1321257","GSM1321257",2,0,0,0,FALSE,FALSE
"WFat","taufisher","GSM1321259","GSM1321259",2,4,4,0,FALSE,FALSE
"WFat","taufisher","GSM1321272","GSM1321272",2,6,7,1,FALSE,FALSE
"WFat","taufisher","GSM1321273","GSM1321273",2,8,9,1,FALSE,FALSE
"WFat","taufisher","GSM1321268","GSM1321268",3,22,21,1,FALSE,FALSE
"WFat","taufisher","GSM1321269","GSM1321269",3,0,0,0,FALSE,FALSE
"WFat","taufisher","GSM1321275","GSM1321275",3,12,13,1,FALSE,FALSE
"WFat","taufisher","GSM1321276","GSM1321276",3,14,16,2,FALSE,FALSE
"WFat","taufisher","GSM1321254","GSM1321254",4,18,18,0,FALSE,FALSE
"WFat","taufisher","GSM1321261","GSM1321261",4,8,8,0,FALSE,FALSE
"WFat","taufisher","GSM1321263","GSM1321263",4,12,11,1,FALSE,FALSE
"WFat","taufisher","GSM1321264","GSM1321264",4,14,13,1,FALSE,FALSE
"WFat","taufisher","GSM1321258","GSM1321258",5,2,2,0,FALSE,FALSE
"WFat","taufisher","GSM1321262","GSM1321262",5,10,11,1,FALSE,FALSE
"WFat","taufisher","GSM1321267","GSM1321267",5,20,21,1,FALSE,FALSE
"WFat","taufisher","GSM1321271","GSM1321271",5,4,4,0,FALSE,FALSE
"WFat","taufisher","GSM1321260","GSM1321260",6,6,NA,NA,FALSE,TRUE
"WFat","taufisher","GSM1321265","GSM1321265",6,16,NA,NA,FALSE,TRUE
"WFat","taufisher","GSM1321270","GSM1321270",6,2,NA,NA,FALSE,TRUE
"WFat","taufisher","GSM1321277","GSM1321277",6,16,NA,NA,FALSE,TRUE
"WFat","zeitzeiger","GSM1321255","GSM1321255",1,20,20.4803243683483,0.480324368348334,FALSE,FALSE
"WFat","zeitzeiger","GSM1321256","GSM1321256",1,22,21.0244403641195,0.975559635880458,FALSE,FALSE
"WFat","zeitzeiger","GSM1321266","GSM1321266",1,18,18.000155089263,0.000155089262957375,FALSE,FALSE
"WFat","zeitzeiger","GSM1321274","GSM1321274",1,10,12.9594508636081,2.95945086360805,FALSE,FALSE
"WFat","zeitzeiger","GSM1321257","GSM1321257",2,0,22.7215239670056,1.27847603299438,FALSE,FALSE
"WFat","zeitzeiger","GSM1321259","GSM1321259",2,4,3.88718571409171,0.112814285908289,FALSE,FALSE
"WFat","zeitzeiger","GSM1321272","GSM1321272",2,6,6.51491434068646,0.514914340686457,FALSE,FALSE
"WFat","zeitzeiger","GSM1321273","GSM1321273",2,8,9.13645708064171,1.13645708064171,FALSE,FALSE
"WFat","zeitzeiger","GSM1321268","GSM1321268",3,22,21.8382268463544,0.161773153645633,FALSE,FALSE
"WFat","zeitzeiger","GSM1321269","GSM1321269",3,0,23.5953704810609,0.404629518939071,FALSE,FALSE
"WFat","zeitzeiger","GSM1321275","GSM1321275",3,12,11.3064478344565,0.693552165543519,FALSE,FALSE
"WFat","zeitzeiger","GSM1321276","GSM1321276",3,14,15.7470731704853,1.7470731704853,FALSE,FALSE
"WFat","zeitzeiger","GSM1321254","GSM1321254",4,18,18.0201824679362,0.0201824679362161,FALSE,FALSE
"WFat","zeitzeiger","GSM1321261","GSM1321261",4,8,7.68580661724223,0.314193382757768,FALSE,FALSE
"WFat","zeitzeiger","GSM1321263","GSM1321263",4,12,10.7903496675126,1.20965033248744,FALSE,FALSE
"WFat","zeitzeiger","GSM1321264","GSM1321264",4,14,12.5728269496264,1.42717305037359,FALSE,FALSE
"WFat","zeitzeiger","GSM1321258","GSM1321258",5,2,22.9329026111717,3.06709738882834,FALSE,FALSE
"WFat","zeitzeiger","GSM1321262","GSM1321262",5,10,8.63154931324238,1.36845068675762,FALSE,FALSE
"WFat","zeitzeiger","GSM1321267","GSM1321267",5,20,19.0168771118202,0.983122888179782,FALSE,FALSE
"WFat","zeitzeiger","GSM1321271","GSM1321271",5,4,5.08961808372589,1.08961808372589,FALSE,FALSE
"WFat","zeitzeiger","GSM1321260","GSM1321260",6,6,5.25276343675563,0.747236563244366,FALSE,FALSE
"WFat","zeitzeiger","GSM1321265","GSM1321265",6,16,14.4474699415104,1.55253005848958,FALSE,FALSE
"WFat","zeitzeiger","GSM1321270","GSM1321270",6,2,3.01727670799469,1.01727670799469,FALSE,FALSE
"WFat","zeitzeiger","GSM1321277","GSM1321277",6,16,16.600728298809,0.600728298809035,FALSE,FALSE
"WFat","timesignatr","GSM1321255","GSM1321255",1,20,21.7434121321132,1.74341213211315,FALSE,FALSE
"WFat","timesignatr","GSM1321256","GSM1321256",1,22,1.48070074168697,3.48070074168697,FALSE,FALSE
"WFat","timesignatr","GSM1321266","GSM1321266",1,18,18.0649806302796,0.0649806302796101,FALSE,FALSE
"WFat","timesignatr","GSM1321274","GSM1321274",1,10,10.0971298545926,0.0971298545926498,FALSE,FALSE
"WFat","timesignatr","GSM1321257","GSM1321257",2,0,23.9373953340672,0.0626046659327777,FALSE,FALSE
"WFat","timesignatr","GSM1321259","GSM1321259",2,4,3.5256987122565,0.474301287743498,FALSE,FALSE
"WFat","timesignatr","GSM1321272","GSM1321272",2,6,6.59798496864373,0.597984968643729,FALSE,FALSE
"WFat","timesignatr","GSM1321273","GSM1321273",2,8,8.60759812294844,0.60759812294844,FALSE,FALSE
"WFat","timesignatr","GSM1321268","GSM1321268",3,22,21.7775789081658,0.222421091834178,FALSE,FALSE
"WFat","timesignatr","GSM1321269","GSM1321269",3,0,23.3409830800883,0.659016919911693,FALSE,FALSE
"WFat","timesignatr","GSM1321275","GSM1321275",3,12,11.6459421651301,0.354057834869854,FALSE,FALSE
"WFat","timesignatr","GSM1321276","GSM1321276",3,14,14.5814420387653,0.581442038765255,FALSE,FALSE
"WFat","timesignatr","GSM1321254","GSM1321254",4,18,17.2908783507141,0.709121649285859,FALSE,FALSE
"WFat","timesignatr","GSM1321261","GSM1321261",4,8,8.16016684935365,0.160166849353653,FALSE,FALSE
"WFat","timesignatr","GSM1321263","GSM1321263",4,12,12.3571420477308,0.357142047730843,FALSE,FALSE
"WFat","timesignatr","GSM1321264","GSM1321264",4,14,13.778378371474,0.221621628525975,FALSE,FALSE
"WFat","timesignatr","GSM1321258","GSM1321258",5,2,2.00990858287855,0.0099085828785519,FALSE,FALSE
"WFat","timesignatr","GSM1321262","GSM1321262",5,10,9.89287388621282,0.10712611378718,FALSE,FALSE
"WFat","timesignatr","GSM1321267","GSM1321267",5,20,21.0536811640789,1.0536811640789,FALSE,FALSE
"WFat","timesignatr","GSM1321271","GSM1321271",5,4,4.25492520155342,0.254925201553424,FALSE,FALSE
"WFat","timesignatr","GSM1321260","GSM1321260",6,6,5.49058992395962,0.509410076040378,FALSE,FALSE
"WFat","timesignatr","GSM1321265","GSM1321265",6,16,14.244397134759,1.75560286524104,FALSE,FALSE
"WFat","timesignatr","GSM1321270","GSM1321270",6,2,1.35671522151969,0.643284778480313,FALSE,FALSE
"WFat","timesignatr","GSM1321277","GSM1321277",6,16,16.1737830148221,0.173783014822142,FALSE,FALSE
