"tissue","method","circular_mae"
"Adr","consensus_equal",0.652083333333335
"Adr","consensus_accuracy",0.652024709561003
"Aor","consensus_equal",0.516666666666663
"Aor","consensus_accuracy",0.508057876660858
"Bstm","consensus_equal",0.945833333333329
"Bstm","consensus_accuracy",0.852249829596286
"BFat","consensus_equal",0.477083333333335
"BFat","consensus_accuracy",0.475058907474561
"Cer","consensus_equal",0.806250000000003
"Cer","consensus_accuracy",0.752411712238562
"Hrt","consensus_equal",0.831250000000002
"Hrt","consensus_accuracy",0.814710992620917
"Hyp","consensus_equal",1.41666666666667
"Hyp","consensus_accuracy",1.07960921093483
"Kid","consensus_equal",0.704166666666665
"Kid","consensus_accuracy",0.659370582444295
"Liv","consensus_equal",0.850000000000001
"Liv","consensus_accuracy",0.848651966917366
"Lun","consensus_equal",0.568749999999996
"Lun","consensus_accuracy",0.567963178728707
"Mus","consensus_equal",0.64791666666667
"Mus","consensus_accuracy",0.647908324193234
"WFat","consensus_equal",0.652083333333334
"WFat","consensus_accuracy",0.651935553379708
"Adr","taufisher",0.65
"Aor","taufisher",0.45
"BFat","taufisher",0.55
"Bstm","taufisher",1.3
"Cer","taufisher",1.05
"Hrt","taufisher",0.95
"Hyp","taufisher",2.15
"Kid","taufisher",0.9
"Liv","taufisher",0.9
"Lun","taufisher",0.6
"Mus","taufisher",0.65
"WFat","taufisher",0.65
"Adr","timetable",0.695833333333334
"Aor","timetable",0.583333333333333
"BFat","timetable",0.520833333333333
"Bstm","timetable",0.775
"Cer","timetable",0.6875
"Hrt","timetable",0.720833333333334
"Hyp","timetable",0.908333333333332
"Kid","timetable",0.566666666666667
"Liv","timetable",0.95
"Lun","timetable",0.570833333333333
"Mus","timetable",0.645833333333333
"WFat","timetable",0.754166666666667
