"tissue","fold","sample_id","donor_id","true_time"
"Adr",1,"GSM1320991","GSM1320991",20
"Adr",1,"GSM1320992","GSM1320992",22
"Adr",1,"GSM1321002","GSM1321002",18
"Adr",1,"GSM1321010","GSM1321010",10
"Adr",2,"GSM1320993","GSM1320993",0
"Adr",2,"GSM1320995","GSM1320995",4
"Adr",2,"GSM1321008","GSM1321008",6
"Adr",2,"GSM1321009","GSM1321009",8
"Adr",3,"GSM1321004","GSM1321004",22
"Adr",3,"GSM1321005","GSM1321005",0
"Adr",3,"GSM1321011","GSM1321011",12
"Adr",3,"GSM1321012","GSM1321012",14
"Adr",4,"GSM1320990","GSM1320990",18
"Adr",4,"GSM1320997","GSM1320997",8
"Adr",4,"GSM1320999","GSM1320999",12
"Adr",4,"GSM1321000","GSM1321000",14
"Adr",5,"GSM1320994","GSM1320994",2
"Adr",5,"GSM1320998","GSM1320998",10
"Adr",5,"GSM1321003","GSM1321003",20
"Adr",5,"GSM1321007","GSM1321007",4
"Adr",6,"GSM1320996","GSM1320996",6
"Adr",6,"GSM1321001","GSM1321001",16
"Adr",6,"GSM1321006","GSM1321006",2
"Adr",6,"GSM1321013","GSM1321013",16
