"method","method","sample","donor","fold","truth","pred","circular_error","aligned","fold_failed"
"timetable","timetable","GSM1371612","BH004",1,20,18.6666666666667,1.33333333333334,FALSE,FALSE
"timetable","timetable","GSM1371634","BH016",1,16,20.75,4.75,FALSE,FALSE
"timetable","timetable","GSM1371636","BH016",1,20,1.58333333333333,5.58333333333333,FALSE,FALSE
"timetable","timetable","GSM1371677","BH016",1,12,18.9166666666667,6.91666666666666,FALSE,FALSE
"timetable","timetable","GSM1371689","BH016",1,16,6.41666666666667,9.58333333333333,FALSE,FALSE
"timetable","timetable","GSM1371702","BH004",1,12,15,3,FALSE,FALSE
"timetable","timetable","GSM1371713","BH004",1,4,1.83333333333333,2.16666666666667,FALSE,FALSE
"timetable","timetable","GSM1371715","BH004",1,8,7.83333333333333,0.166666666666667,FALSE,FALSE
"timetable","timetable","GSM1371726","BH004",1,0,21,3,FALSE,FALSE
"timetable","timetable","GSM1371728","BH004",1,16,8.33333333333333,7.66666666666667,FALSE,FALSE
"timetable","timetable","GSM1371730","BH013",1,20,22.8333333333333,2.83333333333333,FALSE,FALSE
"timetable","timetable","GSM1371734","BH013",1,8,5.83333333333333,2.16666666666667,FALSE,FALSE
"timetable","timetable","GSM1371746","BH016",1,12,17.6666666666667,5.66666666666666,FALSE,FALSE
"timetable","timetable","GSM1371750","BH013",1,20,20.5,0.5,FALSE,FALSE
"timetable","timetable","GSM1371755","BH016",1,0,20.6666666666667,3.33333333333334,FALSE,FALSE
"timetable","timetable","GSM1371769","BH013",1,4,0.666666666666667,3.33333333333333,FALSE,FALSE
"timetable","timetable","GSM1371773","BH013",1,0,22.5,1.5,FALSE,FALSE
"timetable","timetable","GSM1371775","BH013",1,8,6.08333333333333,1.91666666666667,FALSE,FALSE
"timetable","timetable","GSM1371791","BH013",1,16,18.25,2.25,FALSE,FALSE
"timetable","timetable","GSM1371795","BH016",1,8,9.33333333333333,1.33333333333333,FALSE,FALSE
"timetable","timetable","GSM1371808","BH016",1,8,7.58333333333333,0.416666666666667,FALSE,FALSE
"timetable","timetable","GSM1371813","BH013",1,16,18.1666666666667,2.16666666666666,FALSE,FALSE
"timetable","timetable","GSM1371815","BH004",1,16,12.6666666666667,3.33333333333333,FALSE,FALSE
"timetable","timetable","GSM1371817","BH013",1,12,17.6666666666667,5.66666666666666,FALSE,FALSE
"timetable","timetable","GSM1371819","BH004",1,20,18.1666666666667,1.83333333333334,FALSE,FALSE
"timetable","timetable","GSM1371820","BH013",1,12,14.1666666666667,2.16666666666667,FALSE,FALSE
"timetable","timetable","GSM1371829","BH016",1,20,5.58333333333333,9.58333333333333,FALSE,FALSE
"timetable","timetable","GSM1371831","BH004",1,8,6.25,1.75,FALSE,FALSE
"timetable","timetable","GSM1371589","BH007",2,12,17.6666666666667,5.66666666666666,FALSE,FALSE
"timetable","timetable","GSM1371599","BH007",2,4,1.58333333333333,2.41666666666667,FALSE,FALSE
"timetable","timetable","GSM1371600","BH007",2,8,3.41666666666667,4.58333333333333,FALSE,FALSE
"timetable","timetable","GSM1371605","BH007",2,16,18.8333333333333,2.83333333333333,FALSE,FALSE
"timetable","timetable","GSM1371613","BH014",2,20,10.9166666666667,9.08333333333333,FALSE,FALSE
"timetable","timetable","GSM1371614","BH014",2,0,22.1666666666667,1.83333333333334,FALSE,FALSE
"timetable","timetable","GSM1371617","BH020",2,20,12.25,7.75,FALSE,FALSE
"timetable","timetable","GSM1371619","BH014",2,16,18.1666666666667,2.16666666666666,FALSE,FALSE
"timetable","timetable","GSM1371622","BH014",2,8,11.9166666666667,3.91666666666667,FALSE,FALSE
"timetable","timetable","GSM1371627","BH014",2,12,16.0833333333333,4.08333333333333,FALSE,FALSE
"timetable","timetable","GSM1371629","BH014",2,20,19.25,0.75,FALSE,FALSE
"timetable","timetable","GSM1371639","BH020",2,4,4.66666666666667,0.666666666666666,FALSE,FALSE
"timetable","timetable","GSM1371642","BH020",2,12,12.75,0.75,FALSE,FALSE
"timetable","timetable","GSM1371645","BH014",2,4,4.66666666666667,0.666666666666666,FALSE,FALSE
"timetable","timetable","GSM1371646","BH020",2,0,7.16666666666667,7.16666666666667,FALSE,FALSE
"timetable","timetable","GSM1371653","BH020",2,12,12.3333333333333,0.333333333333332,FALSE,FALSE
"timetable","timetable","GSM1371659","BH020",2,8,9.91666666666667,1.91666666666667,FALSE,FALSE
"timetable","timetable","GSM1371660","BH020",2,16,11,5,FALSE,FALSE
"timetable","timetable","GSM1371662","BH014",2,12,14.75,2.75,FALSE,FALSE
"timetable","timetable","GSM1371663","BH014",2,8,11.6666666666667,3.66666666666667,FALSE,FALSE
"timetable","timetable","GSM1371668","BH020",2,8,9,1,FALSE,FALSE
"timetable","timetable","GSM1371673","BH020",2,20,8.5,11.5,FALSE,FALSE
"timetable","timetable","GSM1371674","BH020",2,16,8.91666666666667,7.08333333333333,FALSE,FALSE
"timetable","timetable","GSM1371683","BH014",2,16,12.5833333333333,3.41666666666667,FALSE,FALSE
"timetable","timetable","GSM1371765","BH007",2,16,19.25,3.25,FALSE,FALSE
"timetable","timetable","GSM1371782","BH007",2,12,19,7,FALSE,FALSE
"timetable","timetable","GSM1371812","BH007",2,8,7.66666666666667,0.333333333333334,FALSE,FALSE
"timetable","timetable","GSM1371833","BH007",2,20,19.5,0.5,FALSE,FALSE
"timetable","timetable","GSM1371628","BH009",3,4,0.916666666666667,3.08333333333333,FALSE,FALSE
"timetable","timetable","GSM1371630","BH009",3,16,18.6666666666667,2.66666666666666,FALSE,FALSE
"timetable","timetable","GSM1371650","BH009",3,16,14.9166666666667,1.08333333333333,FALSE,FALSE
"timetable","timetable","GSM1371651","BH009",3,0,21.1666666666667,2.83333333333334,FALSE,FALSE
"timetable","timetable","GSM1371654","BH009",3,8,8.33333333333333,0.333333333333332,FALSE,FALSE
"timetable","timetable","GSM1371655","BH009",3,12,10.8333333333333,1.16666666666667,FALSE,FALSE
"timetable","timetable","GSM1371670","BH009",3,8,8.08333333333333,0.0833333333333321,FALSE,FALSE
"timetable","timetable","GSM1371678","BH009",3,20,9.58333333333333,10.4166666666667,FALSE,FALSE
"timetable","timetable","GSM1371685","BH009",3,12,14.3333333333333,2.33333333333333,FALSE,FALSE
"timetable","timetable","GSM1371691","BH008",3,8,10.75,2.75,FALSE,FALSE
"timetable","timetable","GSM1371707","BH008",3,12,12.25,0.25,FALSE,FALSE
"timetable","timetable","GSM1371736","BH008",3,0,20.5833333333333,3.41666666666667,FALSE,FALSE
"timetable","timetable","GSM1371739","BH010",3,16,16.1666666666667,0.166666666666664,FALSE,FALSE
"timetable","timetable","GSM1371747","BH010",3,20,16.3333333333333,3.66666666666667,FALSE,FALSE
"timetable","timetable","GSM1371752","BH008",3,12,15.0833333333333,3.08333333333333,FALSE,FALSE
"timetable","timetable","GSM1371756","BH010",3,4,1,3,FALSE,FALSE
"timetable","timetable","GSM1371757","BH008",3,20,18.25,1.75,FALSE,FALSE
"timetable","timetable","GSM1371759","BH010",3,20,17.1666666666667,2.83333333333334,FALSE,FALSE
"timetable","timetable","GSM1371763","BH010",3,0,19.5,4.5,FALSE,FALSE
"timetable","timetable","GSM1371770","BH010",3,16,16.9166666666667,0.916666666666664,FALSE,FALSE
"timetable","timetable","GSM1371774","BH010",3,8,4.83333333333333,3.16666666666667,FALSE,FALSE
"timetable","timetable","GSM1371787","BH010",3,8,0.583333333333333,7.41666666666667,FALSE,FALSE
"timetable","timetable","GSM1371790","BH010",3,12,14.8333333333333,2.83333333333333,FALSE,FALSE
"timetable","timetable","GSM1371801","BH008",3,20,7.16666666666667,11.1666666666667,FALSE,FALSE
"timetable","timetable","GSM1371807","BH010",3,12,12.4166666666667,0.416666666666666,FALSE,FALSE
"timetable","timetable","GSM1371811","BH008",3,16,7.91666666666667,8.08333333333333,FALSE,FALSE
"timetable","timetable","GSM1371825","BH008",3,8,9.33333333333333,1.33333333333333,FALSE,FALSE
"timetable","timetable","GSM1371828","BH008",3,4,4.91666666666667,0.916666666666666,FALSE,FALSE
"timetable","timetable","GSM1371834","BH009",3,20,21.9166666666667,1.91666666666666,FALSE,FALSE
"timetable","timetable","GSM1371587","BH015",4,12,17.1666666666667,5.16666666666666,FALSE,FALSE
"timetable","timetable","GSM1371588","BH005",4,4,22,6,FALSE,FALSE
"timetable","timetable","GSM1371590","BH005",4,20,19.0833333333333,0.916666666666668,FALSE,FALSE
"timetable","timetable","GSM1371591","BH005",4,16,15.1666666666667,0.833333333333334,FALSE,FALSE
"timetable","timetable","GSM1371594","BH005",4,8,7.91666666666667,0.0833333333333339,FALSE,FALSE
"timetable","timetable","GSM1371596","BH005",4,0,19.6666666666667,4.33333333333334,FALSE,FALSE
"timetable","timetable","GSM1371598","BH005",4,8,9.91666666666667,1.91666666666667,FALSE,FALSE
"timetable","timetable","GSM1371601","BH005",4,20,18.0833333333333,1.91666666666667,FALSE,FALSE
"timetable","timetable","GSM1371602","BH005",4,16,16.5,0.5,FALSE,FALSE
"timetable","timetable","GSM1371607","BH005",4,12,15.3333333333333,3.33333333333333,FALSE,FALSE
"timetable","timetable","GSM1371695","BH015",4,20,19.1666666666667,0.833333333333336,FALSE,FALSE
"timetable","timetable","GSM1371696","BH015",4,4,23.8333333333333,4.16666666666667,FALSE,FALSE
"timetable","timetable","GSM1371699","BH015",4,16,17.6666666666667,1.66666666666666,FALSE,FALSE
"timetable","timetable","GSM1371701","BH005",4,12,14.0833333333333,2.08333333333333,FALSE,FALSE
"timetable","timetable","GSM1371714","BH015",4,16,17.6666666666667,1.66666666666666,FALSE,FALSE
"timetable","timetable","GSM1371718","BH015",4,12,15.75,3.75,FALSE,FALSE
"timetable","timetable","GSM1371719","BH015",4,8,11,3,FALSE,FALSE
"timetable","timetable","GSM1371722","BH015",4,0,22.75,1.25,FALSE,FALSE
"timetable","timetable","GSM1371724","BH015",4,20,19.8333333333333,0.166666666666668,FALSE,FALSE
"timetable","timetable","GSM1371741","BH006",4,8,8.83333333333333,0.833333333333332,FALSE,FALSE
"timetable","timetable","GSM1371754","BH006",4,0,21.3333333333333,2.66666666666667,FALSE,FALSE
"timetable","timetable","GSM1371772","BH015",4,8,10.4166666666667,2.41666666666667,FALSE,FALSE
"timetable","timetable","GSM1371780","BH006",4,12,18.8333333333333,6.83333333333333,FALSE,FALSE
"timetable","timetable","GSM1371786","BH006",4,16,22.3333333333333,6.33333333333333,FALSE,FALSE
"timetable","timetable","GSM1371793","BH006",4,16,12.1666666666667,3.83333333333333,FALSE,FALSE
"timetable","timetable","GSM1371797","BH006",4,4,1.16666666666667,2.83333333333333,FALSE,FALSE
"timetable","timetable","GSM1371798","BH006",4,20,19.9166666666667,0.0833333333333357,FALSE,FALSE
"timetable","timetable","GSM1371809","BH006",4,8,9.66666666666667,1.66666666666667,FALSE,FALSE
"timetable","timetable","GSM1371643","BH026",5,20,17.5833333333333,2.41666666666667,FALSE,FALSE
"timetable","timetable","GSM1371648","BH026",5,16,16.6666666666667,0.666666666666664,FALSE,FALSE
"timetable","timetable","GSM1371672","BH026",5,8,7.58333333333333,0.416666666666667,FALSE,FALSE
"timetable","timetable","GSM1371682","BH026",5,12,16.0833333333333,4.08333333333333,FALSE,FALSE
"timetable","timetable","GSM1371688","BH026",5,12,14.5833333333333,2.58333333333333,FALSE,FALSE
"timetable","timetable","GSM1371703","BH003",5,20,8.25,11.75,FALSE,FALSE
"timetable","timetable","GSM1371706","BH026",5,20,17.1666666666667,2.83333333333334,FALSE,FALSE
"timetable","timetable","GSM1371723","BH026",5,0,19,5,FALSE,FALSE
"timetable","timetable","GSM1371725","BH003",5,16,12.6666666666667,3.33333333333333,FALSE,FALSE
"timetable","timetable","GSM1371731","BH026",5,8,9.08333333333333,1.08333333333333,FALSE,FALSE
"timetable","timetable","GSM1371758","BH003",5,0,23.5833333333333,0.416666666666668,FALSE,FALSE
"timetable","timetable","GSM1371762","BH003",5,8,7,1,FALSE,FALSE
"timetable","timetable","GSM1371764","BH003",5,12,11.75,0.25,FALSE,FALSE
"timetable","timetable","GSM1371776","BH003",5,20,18.8333333333333,1.16666666666667,FALSE,FALSE
"timetable","timetable","GSM1371777","BH003",5,16,15.5833333333333,0.416666666666668,FALSE,FALSE
"timetable","timetable","GSM1371796","BH026",5,16,17.1666666666667,1.16666666666666,FALSE,FALSE
"timetable","timetable","GSM1371821","BH003",5,8,8.5,0.5,FALSE,FALSE
"taufisher","taufisher","GSM1371612","BH004",1,20,0,4,FALSE,FALSE
"taufisher","taufisher","GSM1371634","BH016",1,16,0,8,FALSE,FALSE
"taufisher","taufisher","GSM1371636","BH016",1,20,5,9,FALSE,FALSE
"taufisher","taufisher","GSM1371677","BH016",1,12,7,5,FALSE,FALSE
"taufisher","taufisher","GSM1371689","BH016",1,16,10,6,FALSE,FALSE
"taufisher","taufisher","GSM1371702","BH004",1,12,12,0,FALSE,FALSE
"taufisher","taufisher","GSM1371713","BH004",1,4,3,1,FALSE,FALSE
"taufisher","taufisher","GSM1371715","BH004",1,8,7,1,FALSE,FALSE
"taufisher","taufisher","GSM1371726","BH004",1,0,0,0,FALSE,FALSE
"taufisher","taufisher","GSM1371728","BH004",1,16,0,8,FALSE,FALSE
"taufisher","taufisher","GSM1371730","BH013",1,20,23,3,FALSE,FALSE
"taufisher","taufisher","GSM1371734","BH013",1,8,5,3,FALSE,FALSE
"taufisher","taufisher","GSM1371746","BH016",1,12,7,5,FALSE,FALSE
"taufisher","taufisher","GSM1371750","BH013",1,20,22,2,FALSE,FALSE
"taufisher","taufisher","GSM1371755","BH016",1,0,0,0,FALSE,FALSE
"taufisher","taufisher","GSM1371769","BH013",1,4,2,2,FALSE,FALSE
"taufisher","taufisher","GSM1371773","BH013",1,0,2,2,FALSE,FALSE
"taufisher","taufisher","GSM1371775","BH013",1,8,0,8,FALSE,FALSE
"taufisher","taufisher","GSM1371791","BH013",1,16,0,8,FALSE,FALSE
"taufisher","taufisher","GSM1371795","BH016",1,8,9,1,FALSE,FALSE
"taufisher","taufisher","GSM1371808","BH016",1,8,9,1,FALSE,FALSE
"taufisher","taufisher","GSM1371813","BH013",1,16,0,8,FALSE,FALSE
"taufisher","taufisher","GSM1371815","BH004",1,16,0,8,FALSE,FALSE
"taufisher","taufisher","GSM1371817","BH013",1,12,0,12,FALSE,FALSE
"taufisher","taufisher","GSM1371819","BH004",1,20,0,4,FALSE,FALSE
"taufisher","taufisher","GSM1371820","BH013",1,12,11,1,FALSE,FALSE
"taufisher","taufisher","GSM1371829","BH016",1,20,0,4,FALSE,FALSE
"taufisher","taufisher","GSM1371831","BH004",1,8,5,3,FALSE,FALSE
"taufisher","taufisher","GSM1371589","BH007",2,12,16,4,FALSE,FALSE
"taufisher","taufisher","GSM1371599","BH007",2,4,1,3,FALSE,FALSE
"taufisher","taufisher","GSM1371600","BH007",2,8,7,1,FALSE,FALSE
"taufisher","taufisher","GSM1371605","BH007",2,16,20,4,FALSE,FALSE
"taufisher","taufisher","GSM1371613","BH014",2,20,13,7,FALSE,FALSE
"taufisher","taufisher","GSM1371614","BH014",2,0,0,0,FALSE,FALSE
"taufisher","taufisher","GSM1371617","BH020",2,20,0,4,FALSE,FALSE
"taufisher","taufisher","GSM1371619","BH014",2,16,13,3,FALSE,FALSE
"taufisher","taufisher","GSM1371622","BH014",2,8,11,3,FALSE,FALSE
"taufisher","taufisher","GSM1371627","BH014",2,12,15,3,FALSE,FALSE
"taufisher","taufisher","GSM1371629","BH014",2,20,23,3,FALSE,FALSE
"taufisher","taufisher","GSM1371639","BH020",2,4,6,2,FALSE,FALSE
"taufisher","taufisher","GSM1371642","BH020",2,12,9,3,FALSE,FALSE
"taufisher","taufisher","GSM1371645","BH014",2,4,6,2,FALSE,FALSE
"taufisher","taufisher","GSM1371646","BH020",2,0,0,0,FALSE,FALSE
"taufisher","taufisher","GSM1371653","BH020",2,12,9,3,FALSE,FALSE
"taufisher","taufisher","GSM1371659","BH020",2,8,7,1,FALSE,FALSE
"taufisher","taufisher","GSM1371660","BH020",2,16,9,7,FALSE,FALSE
"taufisher","taufisher","GSM1371662","BH014",2,12,13,1,FALSE,FALSE
"taufisher","taufisher","GSM1371663","BH014",2,8,10,2,FALSE,FALSE
"taufisher","taufisher","GSM1371668","BH020",2,8,7,1,FALSE,FALSE
"taufisher","taufisher","GSM1371673","BH020",2,20,0,4,FALSE,FALSE
"taufisher","taufisher","GSM1371674","BH020",2,16,0,8,FALSE,FALSE
"taufisher","taufisher","GSM1371683","BH014",2,16,12,4,FALSE,FALSE
"taufisher","taufisher","GSM1371765","BH007",2,16,20,4,FALSE,FALSE
"taufisher","taufisher","GSM1371782","BH007",2,12,18,6,FALSE,FALSE
"taufisher","taufisher","GSM1371812","BH007",2,8,9,1,FALSE,FALSE
"taufisher","taufisher","GSM1371833","BH007",2,20,0,4,FALSE,FALSE
"taufisher","taufisher","GSM1371628","BH009",3,4,0,4,FALSE,FALSE
"taufisher","taufisher","GSM1371630","BH009",3,16,20,4,FALSE,FALSE
"taufisher","taufisher","GSM1371650","BH009",3,16,12,4,FALSE,FALSE
"taufisher","taufisher","GSM1371651","BH009",3,0,22,2,FALSE,FALSE
"taufisher","taufisher","GSM1371654","BH009",3,8,9,1,FALSE,FALSE
"taufisher","taufisher","GSM1371655","BH009",3,12,11,1,FALSE,FALSE
"taufisher","taufisher","GSM1371670","BH009",3,8,7,1,FALSE,FALSE
"taufisher","taufisher","GSM1371678","BH009",3,20,15,5,FALSE,FALSE
"taufisher","taufisher","GSM1371685","BH009",3,12,13,1,FALSE,FALSE
"taufisher","taufisher","GSM1371691","BH008",3,8,10,2,FALSE,FALSE
"taufisher","taufisher","GSM1371707","BH008",3,12,11,1,FALSE,FALSE
"taufisher","taufisher","GSM1371736","BH008",3,0,22,2,FALSE,FALSE
"taufisher","taufisher","GSM1371739","BH010",3,16,22,6,FALSE,FALSE
"taufisher","taufisher","GSM1371747","BH010",3,20,22,2,FALSE,FALSE
"taufisher","taufisher","GSM1371752","BH008",3,12,14,2,FALSE,FALSE
"taufisher","taufisher","GSM1371756","BH010",3,4,2,2,FALSE,FALSE
"taufisher","taufisher","GSM1371757","BH008",3,20,22,2,FALSE,FALSE
"taufisher","taufisher","GSM1371759","BH010",3,20,22,2,FALSE,FALSE
"taufisher","taufisher","GSM1371763","BH010",3,0,23,1,FALSE,FALSE
"taufisher","taufisher","GSM1371770","BH010",3,16,16,0,FALSE,FALSE
"taufisher","taufisher","GSM1371774","BH010",3,8,0,8,FALSE,FALSE
"taufisher","taufisher","GSM1371787","BH010",3,8,23,9,FALSE,FALSE
"taufisher","taufisher","GSM1371790","BH010",3,12,16,4,FALSE,FALSE
"taufisher","taufisher","GSM1371801","BH008",3,20,13,7,FALSE,FALSE
"taufisher","taufisher","GSM1371807","BH010",3,12,12,0,FALSE,FALSE
"taufisher","taufisher","GSM1371811","BH008",3,16,13,3,FALSE,FALSE
"taufisher","taufisher","GSM1371825","BH008",3,8,9,1,FALSE,FALSE
"taufisher","taufisher","GSM1371828","BH008",3,4,0,4,FALSE,FALSE
"taufisher","taufisher","GSM1371834","BH009",3,20,0,4,FALSE,FALSE
"taufisher","taufisher","GSM1371587","BH015",4,12,11,1,FALSE,FALSE
"taufisher","taufisher","GSM1371588","BH005",4,4,2,2,FALSE,FALSE
"taufisher","taufisher","GSM1371590","BH005",4,20,1,5,FALSE,FALSE
"taufisher","taufisher","GSM1371591","BH005",4,16,23,7,FALSE,FALSE
"taufisher","taufisher","GSM1371594","BH005",4,8,0,8,FALSE,FALSE
"taufisher","taufisher","GSM1371596","BH005",4,0,1,1,FALSE,FALSE
"taufisher","taufisher","GSM1371598","BH005",4,8,2,6,FALSE,FALSE
"taufisher","taufisher","GSM1371601","BH005",4,20,23,3,FALSE,FALSE
"taufisher","taufisher","GSM1371602","BH005",4,16,23,7,FALSE,FALSE
"taufisher","taufisher","GSM1371607","BH005",4,12,23,11,FALSE,FALSE
"taufisher","taufisher","GSM1371695","BH015",4,20,22,2,FALSE,FALSE
"taufisher","taufisher","GSM1371696","BH015",4,4,6,2,FALSE,FALSE
"taufisher","taufisher","GSM1371699","BH015",4,16,13,3,FALSE,FALSE
"taufisher","taufisher","GSM1371701","BH005",4,12,23,11,FALSE,FALSE
"taufisher","taufisher","GSM1371714","BH015",4,16,12,4,FALSE,FALSE
"taufisher","taufisher","GSM1371718","BH015",4,12,12,0,FALSE,FALSE
"taufisher","taufisher","GSM1371719","BH015",4,8,9,1,FALSE,FALSE
"taufisher","taufisher","GSM1371722","BH015",4,0,0,0,FALSE,FALSE
"taufisher","taufisher","GSM1371724","BH015",4,20,0,4,FALSE,FALSE
"taufisher","taufisher","GSM1371741","BH006",4,8,9,1,FALSE,FALSE
"taufisher","taufisher","GSM1371754","BH006",4,0,1,1,FALSE,FALSE
"taufisher","taufisher","GSM1371772","BH015",4,8,9,1,FALSE,FALSE
"taufisher","taufisher","GSM1371780","BH006",4,12,11,1,FALSE,FALSE
"taufisher","taufisher","GSM1371786","BH006",4,16,0,8,FALSE,FALSE
"taufisher","taufisher","GSM1371793","BH006",4,16,11,5,FALSE,FALSE
"taufisher","taufisher","GSM1371797","BH006",4,4,3,1,FALSE,FALSE
"taufisher","taufisher","GSM1371798","BH006",4,20,1,5,FALSE,FALSE
"taufisher","taufisher","GSM1371809","BH006",4,8,7,1,FALSE,FALSE
"taufisher","taufisher","GSM1371643","BH026",5,20,8,12,FALSE,FALSE
"taufisher","taufisher","GSM1371648","BH026",5,16,9,7,FALSE,FALSE
"taufisher","taufisher","GSM1371672","BH026",5,8,7,1,FALSE,FALSE
"taufisher","taufisher","GSM1371682","BH026",5,12,9,3,FALSE,FALSE
"taufisher","taufisher","GSM1371688","BH026",5,12,9,3,FALSE,FALSE
"taufisher","taufisher","GSM1371703","BH003",5,20,16,4,FALSE,FALSE
"taufisher","taufisher","GSM1371706","BH026",5,20,8,12,FALSE,FALSE
"taufisher","taufisher","GSM1371723","BH026",5,0,7,7,FALSE,FALSE
"taufisher","taufisher","GSM1371725","BH003",5,16,13,3,FALSE,FALSE
"taufisher","taufisher","GSM1371731","BH026",5,8,8,0,FALSE,FALSE
"taufisher","taufisher","GSM1371758","BH003",5,0,23,1,FALSE,FALSE
"taufisher","taufisher","GSM1371762","BH003",5,8,7,1,FALSE,FALSE
"taufisher","taufisher","GSM1371764","BH003",5,12,13,1,FALSE,FALSE
"taufisher","taufisher","GSM1371776","BH003",5,20,15,5,FALSE,FALSE
"taufisher","taufisher","GSM1371777","BH003",5,16,14,2,FALSE,FALSE
"taufisher","taufisher","GSM1371796","BH026",5,16,8,8,FALSE,FALSE
"taufisher","taufisher","GSM1371821","BH003",5,8,19,11,FALSE,FALSE
"zeitzeiger","zeitzeiger","GSM1371612","BH004",1,20,0.320635005437537,4.32063500543754,FALSE,FALSE
"zeitzeiger","zeitzeiger","GSM1371634","BH016",1,16,16.6235115775791,0.623511577579112,FALSE,FALSE
"zeitzeiger","zeitzeiger","GSM1371636","BH016",1,20,0.361509195718415,4.36150919571842,FALSE,FALSE
"zeitzeiger","zeitzeiger","GSM1371677","BH016",1,12,21.5882998464624,9.58829984646244,FALSE,FALSE
"zeitzeiger","zeitzeiger","GSM1371689","BH016",1,16,19.4824497376702,3.48244973767021,FALSE,FALSE
"zeitzeiger","zeitzeiger","GSM1371702","BH004",1,12,18.4486165755305,6.44861657553054,FALSE,FALSE
"zeitzeiger","zeitzeiger","GSM1371713","BH004",1,4,3.21166438104483,0.788335618955169,FALSE,FALSE
"zeitzeiger","zeitzeiger","GSM1371715","BH004",1,8,7.92889712112244,0.0711028788775607,FALSE,FALSE
"zeitzeiger","zeitzeiger","GSM1371726","BH004",1,0,1.16685796758981,1.16685796758981,FALSE,FALSE
"zeitzeiger","zeitzeiger","GSM1371728","BH004",1,16,22.0942108041943,6.09421080419429,FALSE,FALSE
"zeitzeiger","zeitzeiger","GSM1371730","BH013",1,20,0.0566849078530604,4.05668490785306,FALSE,FALSE
"zeitzeiger","zeitzeiger","GSM1371734","BH013",1,8,4.19676126942506,3.80323873057494,FALSE,FALSE
"zeitzeiger","zeitzeiger","GSM1371746","BH016",1,12,21.5811909790536,9.58119097905357,FALSE,FALSE
"zeitzeiger","zeitzeiger","GSM1371750","BH013",1,20,0.544264850005148,4.54426485000515,FALSE,FALSE
"zeitzeiger","zeitzeiger","GSM1371755","BH016",1,0,0.884317007725775,0.884317007725775,FALSE,FALSE
"zeitzeiger","zeitzeiger","GSM1371769","BH013",1,4,1.66103719699116,2.33896280300884,FALSE,FALSE
"zeitzeiger","zeitzeiger","GSM1371773","BH013",1,0,1.74148884748793,1.74148884748793,FALSE,FALSE
"zeitzeiger","zeitzeiger","GSM1371775","BH013",1,8,3.87113724232612,4.12886275767388,FALSE,FALSE
"zeitzeiger","zeitzeiger","GSM1371791","BH013",1,16,0.892158309772509,8.89215830977251,FALSE,FALSE
"zeitzeiger","zeitzeiger","GSM1371795","BH016",1,8,11.0362425783184,3.03624257831844,FALSE,FALSE
"zeitzeiger","zeitzeiger","GSM1371808","BH016",1,8,6.53584593642577,1.46415406357423,FALSE,FALSE
"zeitzeiger","zeitzeiger","GSM1371813","BH013",1,16,0.205356249954127,8.20535624995413,FALSE,FALSE
"zeitzeiger","zeitzeiger","GSM1371815","BH004",1,16,14.0652771292761,1.93472287072392,FALSE,FALSE
"zeitzeiger","zeitzeiger","GSM1371817","BH013",1,12,0.110950730611246,11.8890492693888,FALSE,FALSE
"zeitzeiger","zeitzeiger","GSM1371819","BH004",1,20,0.433450048250484,4.43345004825049,FALSE,FALSE
"zeitzeiger","zeitzeiger","GSM1371820","BH013",1,12,22.1025746069734,10.1025746069734,FALSE,FALSE
"zeitzeiger","zeitzeiger","GSM1371829","BH016",1,20,23.6968282987464,3.69682829874642,FALSE,FALSE
"zeitzeiger","zeitzeiger","GSM1371831","BH004",1,8,6.31368567637543,1.68631432362457,FALSE,FALSE
"zeitzeiger","zeitzeiger","GSM1371589","BH007",2,12,13.9396974585452,1.93969745854518,FALSE,FALSE
"zeitzeiger","zeitzeiger","GSM1371599","BH007",2,4,3.94420379864477,0.0557962013552338,FALSE,FALSE
"zeitzeiger","zeitzeiger","GSM1371600","BH007",2,8,6.80599360390551,1.19400639609449,FALSE,FALSE
"zeitzeiger","zeitzeiger","GSM1371605","BH007",2,16,14.8039276084882,1.19607239151182,FALSE,FALSE
"zeitzeiger","zeitzeiger","GSM1371613","BH014",2,20,4.17425082217374,8.17425082217374,FALSE,FALSE
"zeitzeiger","zeitzeiger","GSM1371614","BH014",2,0,2.69030934344272,2.69030934344272,FALSE,FALSE
"zeitzeiger","zeitzeiger","GSM1371617","BH020",2,20,13.1658530132846,6.83414698671539,FALSE,FALSE
"zeitzeiger","zeitzeiger","GSM1371619","BH014",2,16,3.7742598320365,11.7742598320365,FALSE,FALSE
"zeitzeiger","zeitzeiger","GSM1371622","BH014",2,8,8.23340280740238,0.233402807402385,FALSE,FALSE
"zeitzeiger","zeitzeiger","GSM1371627","BH014",2,12,2.102751200912,9.897248799088,FALSE,FALSE
"zeitzeiger","zeitzeiger","GSM1371629","BH014",2,20,2.97007851840207,6.97007851840207,FALSE,FALSE
"zeitzeiger","zeitzeiger","GSM1371639","BH020",2,4,21.2981424841295,6.70185751587047,FALSE,FALSE
"zeitzeiger","zeitzeiger","GSM1371642","BH020",2,12,11.7519100173399,0.248089982660094,FALSE,FALSE
"zeitzeiger","zeitzeiger","GSM1371645","BH014",2,4,3.74153558502831,0.258464414971686,FALSE,FALSE
"zeitzeiger","zeitzeiger","GSM1371646","BH020",2,0,15.6989255821547,8.30107441784532,FALSE,FALSE
"zeitzeiger","zeitzeiger","GSM1371653","BH020",2,12,12.6410346154327,0.64103461543268,FALSE,FALSE
"zeitzeiger","zeitzeiger","GSM1371659","BH020",2,8,9.52851467298025,1.52851467298025,FALSE,FALSE
"zeitzeiger","zeitzeiger","GSM1371660","BH020",2,16,13.8641297147316,2.13587028526839,FALSE,FALSE
"zeitzeiger","zeitzeiger","GSM1371662","BH014",2,12,4.0916290216454,7.9083709783546,FALSE,FALSE
"zeitzeiger","zeitzeiger","GSM1371663","BH014",2,8,8.20727297036543,0.20727297036543,FALSE,FALSE
"zeitzeiger","zeitzeiger","GSM1371668","BH020",2,8,9.83748893958292,1.83748893958292,FALSE,FALSE
"zeitzeiger","zeitzeiger","GSM1371673","BH020",2,20,15.9536814340171,4.04631856598285,FALSE,FALSE
"zeitzeiger","zeitzeiger","GSM1371674","BH020",2,16,16.6435143570877,0.643514357087721,FALSE,FALSE
"zeitzeiger","zeitzeiger","GSM1371683","BH014",2,16,5.31861821811312,10.6813817818869,FALSE,FALSE
"zeitzeiger","zeitzeiger","GSM1371765","BH007",2,16,14.3995681309607,1.60043186903931,FALSE,FALSE
"zeitzeiger","zeitzeiger","GSM1371782","BH007",2,12,21.3143864561613,9.31438645616129,FALSE,FALSE
"zeitzeiger","zeitzeiger","GSM1371812","BH007",2,8,10.9994176244084,2.99941762440843,FALSE,FALSE
"zeitzeiger","zeitzeiger","GSM1371833","BH007",2,20,14.1451823827155,5.85481761728454,FALSE,FALSE
"zeitzeiger","zeitzeiger","GSM1371628","BH009",3,4,4.6774703006806,0.677470300680599,FALSE,FALSE
"zeitzeiger","zeitzeiger","GSM1371630","BH009",3,16,17.0029549241112,1.00295492411118,FALSE,FALSE
"zeitzeiger","zeitzeiger","GSM1371650","BH009",3,16,14.0070740984304,1.99292590156958,FALSE,FALSE
"zeitzeiger","zeitzeiger","GSM1371651","BH009",3,0,3.74653413815308,3.74653413815308,FALSE,FALSE
"zeitzeiger","zeitzeiger","GSM1371654","BH009",3,8,7.66351400141182,0.336485998588183,FALSE,FALSE
"zeitzeiger","zeitzeiger","GSM1371655","BH009",3,12,13.2695689693238,1.2695689693238,FALSE,FALSE
"zeitzeiger","zeitzeiger","GSM1371670","BH009",3,8,7.52853425210637,0.471465747893632,FALSE,FALSE
"zeitzeiger","zeitzeiger","GSM1371678","BH009",3,20,17.0214004049972,2.97859959500282,FALSE,FALSE
"zeitzeiger","zeitzeiger","GSM1371685","BH009",3,12,11.9180292709634,0.0819707290366427,FALSE,FALSE
"zeitzeiger","zeitzeiger","GSM1371691","BH008",3,8,9.24153225482924,1.24153225482924,FALSE,FALSE
"zeitzeiger","zeitzeiger","GSM1371707","BH008",3,12,18.7908745877994,6.79087458779938,FALSE,FALSE
"zeitzeiger","zeitzeiger","GSM1371736","BH008",3,0,23.7190718296225,0.280928170377496,FALSE,FALSE
"zeitzeiger","zeitzeiger","GSM1371739","BH010",3,16,12.6859617228126,3.31403827718736,FALSE,FALSE
"zeitzeiger","zeitzeiger","GSM1371747","BH010",3,20,11.1167781983991,8.8832218016009,FALSE,FALSE
"zeitzeiger","zeitzeiger","GSM1371752","BH008",3,12,16.6843322150628,4.68433221506282,FALSE,FALSE
"zeitzeiger","zeitzeiger","GSM1371756","BH010",3,4,7.27678377901793,3.27678377901793,FALSE,FALSE
"zeitzeiger","zeitzeiger","GSM1371757","BH008",3,20,19.6629448673682,0.337055132631825,FALSE,FALSE
"zeitzeiger","zeitzeiger","GSM1371759","BH010",3,20,12.3858041828929,7.61419581710705,FALSE,FALSE
"zeitzeiger","zeitzeiger","GSM1371763","BH010",3,0,11.5671467795498,11.5671467795498,FALSE,FALSE
"zeitzeiger","zeitzeiger","GSM1371770","BH010",3,16,12.752915670046,3.24708432995403,FALSE,FALSE
"zeitzeiger","zeitzeiger","GSM1371774","BH010",3,8,10.305559399324,2.30555939932399,FALSE,FALSE
"zeitzeiger","zeitzeiger","GSM1371787","BH010",3,8,9.8087922589292,1.8087922589292,FALSE,FALSE
"zeitzeiger","zeitzeiger","GSM1371790","BH010",3,12,11.099687588569,0.900312411431008,FALSE,FALSE
"zeitzeiger","zeitzeiger","GSM1371801","BH008",3,20,19.7539248200861,0.246075179913937,FALSE,FALSE
"zeitzeiger","zeitzeiger","GSM1371807","BH010",3,12,11.8347509081617,0.165249091838277,FALSE,FALSE
"zeitzeiger","zeitzeiger","GSM1371811","BH008",3,16,18.9973331509092,2.99733315090917,FALSE,FALSE
"zeitzeiger","zeitzeiger","GSM1371825","BH008",3,8,8.02712209852939,0.0271220985293876,FALSE,FALSE
"zeitzeiger","zeitzeiger","GSM1371828","BH008",3,4,23.4058746372247,4.5941253627753,FALSE,FALSE
"zeitzeiger","zeitzeiger","GSM1371834","BH009",3,20,17.6041750200667,2.39582497993328,FALSE,FALSE
"zeitzeiger","zeitzeiger","GSM1371587","BH015",4,12,3.9772273169515,8.0227726830485,FALSE,FALSE
"zeitzeiger","zeitzeiger","GSM1371588","BH005",4,4,21.8386595420378,6.16134045796219,FALSE,FALSE
"zeitzeiger","zeitzeiger","GSM1371590","BH005",4,20,21.5646177458061,1.56461774580606,FALSE,FALSE
"zeitzeiger","zeitzeiger","GSM1371591","BH005",4,16,0.404176515453413,8.40417651545341,FALSE,FALSE
"zeitzeiger","zeitzeiger","GSM1371594","BH005",4,8,8.2744327676945,0.274432767694496,FALSE,FALSE
"zeitzeiger","zeitzeiger","GSM1371596","BH005",4,0,19.6527051588296,4.34729484117042,FALSE,FALSE
"zeitzeiger","zeitzeiger","GSM1371598","BH005",4,8,7.60418984366507,0.395810156334927,FALSE,FALSE
"zeitzeiger","zeitzeiger","GSM1371601","BH005",4,20,21.8153130469618,1.81531304696185,FALSE,FALSE
"zeitzeiger","zeitzeiger","GSM1371602","BH005",4,16,21.8701249305299,5.87012493052992,FALSE,FALSE
"zeitzeiger","zeitzeiger","GSM1371607","BH005",4,12,22.7352401472476,10.7352401472476,FALSE,FALSE
"zeitzeiger","zeitzeiger","GSM1371695","BH015",4,20,0.427788089382282,4.42778808938228,FALSE,FALSE
"zeitzeiger","zeitzeiger","GSM1371696","BH015",4,4,11.6977804073771,7.6977804073771,FALSE,FALSE
"zeitzeiger","zeitzeiger","GSM1371699","BH015",4,16,16.8592192511915,0.859219251191533,FALSE,FALSE
"zeitzeiger","zeitzeiger","GSM1371701","BH005",4,12,21.9125845596164,9.91258455961636,FALSE,FALSE
"zeitzeiger","zeitzeiger","GSM1371714","BH015",4,16,16.3338012511698,0.333801251169835,FALSE,FALSE
"zeitzeiger","zeitzeiger","GSM1371718","BH015",4,12,12.8569906853384,0.85699068533839,FALSE,FALSE
"zeitzeiger","zeitzeiger","GSM1371719","BH015",4,8,8.57972603730035,0.579726037300354,FALSE,FALSE
"zeitzeiger","zeitzeiger","GSM1371722","BH015",4,0,16.7829948791577,7.21700512084232,FALSE,FALSE
"zeitzeiger","zeitzeiger","GSM1371724","BH015",4,20,0.441497000635998,4.441497000636,FALSE,FALSE
"zeitzeiger","zeitzeiger","GSM1371741","BH006",4,8,8.61083639113733,0.610836391137335,FALSE,FALSE
"zeitzeiger","zeitzeiger","GSM1371754","BH006",4,0,0.279638094785464,0.279638094785464,FALSE,FALSE
"zeitzeiger","zeitzeiger","GSM1371772","BH015",4,8,10.2382444661095,2.23824446610947,FALSE,FALSE
"zeitzeiger","zeitzeiger","GSM1371780","BH006",4,12,12.9070760297294,0.907076029729442,FALSE,FALSE
"zeitzeiger","zeitzeiger","GSM1371786","BH006",4,16,13.2511564460864,2.7488435539136,FALSE,FALSE
"zeitzeiger","zeitzeiger","GSM1371793","BH006",4,16,13.2389803786198,2.76101962138021,FALSE,FALSE
"zeitzeiger","zeitzeiger","GSM1371797","BH006",4,4,13.2159541382145,9.21595413821455,FALSE,FALSE
"zeitzeiger","zeitzeiger","GSM1371798","BH006",4,20,0.137719609636984,4.13771960963699,FALSE,FALSE
"zeitzeiger","zeitzeiger","GSM1371809","BH006",4,8,8.38097414067306,0.380974140673061,FALSE,FALSE
"zeitzeiger","zeitzeiger","GSM1371643","BH026",5,20,15.0082289697671,4.99177103023286,FALSE,FALSE
"zeitzeiger","zeitzeiger","GSM1371648","BH026",5,16,15.7754323162073,0.224567683792721,FALSE,FALSE
"zeitzeiger","zeitzeiger","GSM1371672","BH026",5,8,11.9285272665096,3.92852726650963,FALSE,FALSE
"zeitzeiger","zeitzeiger","GSM1371682","BH026",5,12,15.0828309419134,3.08283094191341,FALSE,FALSE
"zeitzeiger","zeitzeiger","GSM1371688","BH026",5,12,14.4165174420565,2.41651744205653,FALSE,FALSE
"zeitzeiger","zeitzeiger","GSM1371703","BH003",5,20,3.92932439754931,7.92932439754931,FALSE,FALSE
"zeitzeiger","zeitzeiger","GSM1371706","BH026",5,20,15.4681811244527,4.53181887554732,FALSE,FALSE
"zeitzeiger","zeitzeiger","GSM1371723","BH026",5,0,16.2744892879947,7.72551071200535,FALSE,FALSE
"zeitzeiger","zeitzeiger","GSM1371725","BH003",5,16,14.0420606414552,1.95793935854483,FALSE,FALSE
"zeitzeiger","zeitzeiger","GSM1371731","BH026",5,8,10.5570964419714,2.55709644197137,FALSE,FALSE
"zeitzeiger","zeitzeiger","GSM1371758","BH003",5,0,2.68907415568706,2.68907415568706,FALSE,FALSE
"zeitzeiger","zeitzeiger","GSM1371762","BH003",5,8,8.37354212153867,0.373542121538671,FALSE,FALSE
"zeitzeiger","zeitzeiger","GSM1371764","BH003",5,12,5.34489697521122,6.65510302478878,FALSE,FALSE
"zeitzeiger","zeitzeiger","GSM1371776","BH003",5,20,21.2182097096864,1.21820970968637,FALSE,FALSE
"zeitzeiger","zeitzeiger","GSM1371777","BH003",5,16,5.17995256299969,10.8200474370003,FALSE,FALSE
"zeitzeiger","zeitzeiger","GSM1371796","BH026",5,16,16.863595745451,0.863595745451036,FALSE,FALSE
"zeitzeiger","zeitzeiger","GSM1371821","BH003",5,8,7.99685594353231,0.00314405646769345,FALSE,FALSE
"timesignatr","timesignatr","GSM1371612","BH004",1,20,18.9921034635276,1.00789653647244,FALSE,FALSE
"timesignatr","timesignatr","GSM1371634","BH016",1,16,14.4546363085286,1.54536369147141,FALSE,FALSE
"timesignatr","timesignatr","GSM1371636","BH016",1,20,23.1969621105684,3.19696211056841,FALSE,FALSE
"timesignatr","timesignatr","GSM1371677","BH016",1,12,13.2986175091819,1.29861750918193,FALSE,FALSE
"timesignatr","timesignatr","GSM1371689","BH016",1,16,20.0483637532568,4.04836375325678,FALSE,FALSE
"timesignatr","timesignatr","GSM1371702","BH004",1,12,10.9482243948072,1.0517756051928,FALSE,FALSE
"timesignatr","timesignatr","GSM1371713","BH004",1,4,3.77068321057406,0.229316789425942,FALSE,FALSE
"timesignatr","timesignatr","GSM1371715","BH004",1,8,7.74661168349338,0.253388316506624,FALSE,FALSE
"timesignatr","timesignatr","GSM1371726","BH004",1,0,23.0773207637628,0.922679236237187,FALSE,FALSE
"timesignatr","timesignatr","GSM1371728","BH004",1,16,11.857421965309,4.14257803469101,FALSE,FALSE
"timesignatr","timesignatr","GSM1371730","BH013",1,20,19.782523028045,0.217476971955044,FALSE,FALSE
"timesignatr","timesignatr","GSM1371734","BH013",1,8,6.45369460420865,1.54630539579135,FALSE,FALSE
"timesignatr","timesignatr","GSM1371746","BH016",1,12,11.7798363076164,0.220163692383561,FALSE,FALSE
"timesignatr","timesignatr","GSM1371750","BH013",1,20,20.813774950733,0.813774950732952,FALSE,FALSE
"timesignatr","timesignatr","GSM1371755","BH016",1,0,22.0268163143373,1.97318368566265,FALSE,FALSE
"timesignatr","timesignatr","GSM1371769","BH013",1,4,1.54591546931834,2.45408453068166,FALSE,FALSE
"timesignatr","timesignatr","GSM1371773","BH013",1,0,22.9538350489877,1.04616495101235,FALSE,FALSE
"timesignatr","timesignatr","GSM1371775","BH013",1,8,2.15598247161158,5.84401752838842,FALSE,FALSE
"timesignatr","timesignatr","GSM1371791","BH013",1,16,19.3735652337634,3.37356523376341,FALSE,FALSE
"timesignatr","timesignatr","GSM1371795","BH016",1,8,10.4097157463696,2.40971574636955,FALSE,FALSE
"timesignatr","timesignatr","GSM1371808","BH016",1,8,7.61641133044314,0.383588669556856,FALSE,FALSE
"timesignatr","timesignatr","GSM1371813","BH013",1,16,20.1865905054771,4.18659050547715,FALSE,FALSE
"timesignatr","timesignatr","GSM1371815","BH004",1,16,14.2539459766358,1.74605402336421,FALSE,FALSE
"timesignatr","timesignatr","GSM1371817","BH013",1,12,18.9676661171236,6.96766611712359,FALSE,FALSE
"timesignatr","timesignatr","GSM1371819","BH004",1,20,19.3122725592466,0.687727440753402,FALSE,FALSE
"timesignatr","timesignatr","GSM1371820","BH013",1,12,15.4141833289049,3.41418332890489,FALSE,FALSE
"timesignatr","timesignatr","GSM1371829","BH016",1,20,19.8703817207114,0.129618279288618,FALSE,FALSE
"timesignatr","timesignatr","GSM1371831","BH004",1,8,6.56698540320543,1.43301459679457,FALSE,FALSE
"timesignatr","timesignatr","GSM1371589","BH007",2,12,15.715097528208,3.71509752820803,FALSE,FALSE
"timesignatr","timesignatr","GSM1371599","BH007",2,4,1.94770096884346,2.05229903115654,FALSE,FALSE
"timesignatr","timesignatr","GSM1371600","BH007",2,8,7.89572576372974,0.104274236270259,FALSE,FALSE
"timesignatr","timesignatr","GSM1371605","BH007",2,16,18.3493134553796,2.34931345537957,FALSE,FALSE
"timesignatr","timesignatr","GSM1371613","BH014",2,20,17.4930843407814,2.50691565921863,FALSE,FALSE
"timesignatr","timesignatr","GSM1371614","BH014",2,0,0.856263547920802,0.856263547920802,FALSE,FALSE
"timesignatr","timesignatr","GSM1371617","BH020",2,20,14.6809032737744,5.31909672622557,FALSE,FALSE
"timesignatr","timesignatr","GSM1371619","BH014",2,16,13.9193382163051,2.08066178369486,FALSE,FALSE
"timesignatr","timesignatr","GSM1371622","BH014",2,8,9.85015097897673,1.85015097897673,FALSE,FALSE
"timesignatr","timesignatr","GSM1371627","BH014",2,12,14.26294453688,2.26294453687998,FALSE,FALSE
"timesignatr","timesignatr","GSM1371629","BH014",2,20,14.7990675164801,5.20093248351991,FALSE,FALSE
"timesignatr","timesignatr","GSM1371639","BH020",2,4,1.43616691092967,2.56383308907033,FALSE,FALSE
"timesignatr","timesignatr","GSM1371642","BH020",2,12,10.955174741522,1.044825258478,FALSE,FALSE
"timesignatr","timesignatr","GSM1371645","BH014",2,4,4.19493558953872,0.194935589538716,FALSE,FALSE
"timesignatr","timesignatr","GSM1371646","BH020",2,0,21.5907505294384,2.40924947056164,FALSE,FALSE
"timesignatr","timesignatr","GSM1371653","BH020",2,12,11.1303652425378,0.869634757462237,FALSE,FALSE
"timesignatr","timesignatr","GSM1371659","BH020",2,8,7.51263645511954,0.487363544880465,FALSE,FALSE
"timesignatr","timesignatr","GSM1371660","BH020",2,16,16.2839943052319,0.283994305231928,FALSE,FALSE
"timesignatr","timesignatr","GSM1371662","BH014",2,12,15.5230203543907,3.52302035439066,FALSE,FALSE
"timesignatr","timesignatr","GSM1371663","BH014",2,8,9.32392002319706,1.32392002319706,FALSE,FALSE
"timesignatr","timesignatr","GSM1371668","BH020",2,8,7.41868102823156,0.581318971768439,FALSE,FALSE
"timesignatr","timesignatr","GSM1371673","BH020",2,20,19.1665556915229,0.833444308477137,FALSE,FALSE
"timesignatr","timesignatr","GSM1371674","BH020",2,16,19.4677887808621,3.46778878086213,FALSE,FALSE
"timesignatr","timesignatr","GSM1371683","BH014",2,16,14.6231937382965,1.37680626170351,FALSE,FALSE
"timesignatr","timesignatr","GSM1371765","BH007",2,16,16.8825907860041,0.882590786004112,FALSE,FALSE
"timesignatr","timesignatr","GSM1371782","BH007",2,12,10.757338083393,1.24266191660695,FALSE,FALSE
"timesignatr","timesignatr","GSM1371812","BH007",2,8,7.87137335566195,0.128626644338055,FALSE,FALSE
"timesignatr","timesignatr","GSM1371833","BH007",2,20,1.41521819239935,5.41521819239935,FALSE,FALSE
"timesignatr","timesignatr","GSM1371628","BH009",3,4,1.19621186280796,2.80378813719204,FALSE,FALSE
"timesignatr","timesignatr","GSM1371630","BH009",3,16,19.544415368783,3.54441536878304,FALSE,FALSE
"timesignatr","timesignatr","GSM1371650","BH009",3,16,15.890453141253,0.109546858747004,FALSE,FALSE
"timesignatr","timesignatr","GSM1371651","BH009",3,0,21.7464132882734,2.25358671172659,FALSE,FALSE
"timesignatr","timesignatr","GSM1371654","BH009",3,8,7.18628455666258,0.813715443337424,FALSE,FALSE
"timesignatr","timesignatr","GSM1371655","BH009",3,12,13.1149139989755,1.1149139989755,FALSE,FALSE
"timesignatr","timesignatr","GSM1371670","BH009",3,8,8.32710611370632,0.327106113706325,FALSE,FALSE
"timesignatr","timesignatr","GSM1371678","BH009",3,20,18.3884192761678,1.61158072383223,FALSE,FALSE
"timesignatr","timesignatr","GSM1371685","BH009",3,12,14.6281255827148,2.62812558271483,FALSE,FALSE
"timesignatr","timesignatr","GSM1371691","BH008",3,8,9.35371904604523,1.35371904604523,FALSE,FALSE
"timesignatr","timesignatr","GSM1371707","BH008",3,12,11.8623456748083,0.137654325191708,FALSE,FALSE
"timesignatr","timesignatr","GSM1371736","BH008",3,0,18.6259420840428,5.37405791595719,FALSE,FALSE
"timesignatr","timesignatr","GSM1371739","BH010",3,16,16.5713619237204,0.571361923720424,FALSE,FALSE
"timesignatr","timesignatr","GSM1371747","BH010",3,20,18.3241229136356,1.67587708636441,FALSE,FALSE
"timesignatr","timesignatr","GSM1371752","BH008",3,12,13.3354358074685,1.33543580746852,FALSE,FALSE
"timesignatr","timesignatr","GSM1371756","BH010",3,4,23.3993165153119,4.60068348468811,FALSE,FALSE
"timesignatr","timesignatr","GSM1371757","BH008",3,20,16.410084170659,3.58991582934099,FALSE,FALSE
"timesignatr","timesignatr","GSM1371759","BH010",3,20,16.7963467884503,3.20365321154967,FALSE,FALSE
"timesignatr","timesignatr","GSM1371763","BH010",3,0,20.3336275122247,3.66637248777532,FALSE,FALSE
"timesignatr","timesignatr","GSM1371770","BH010",3,16,17.8125297999949,1.81252979999493,FALSE,FALSE
"timesignatr","timesignatr","GSM1371774","BH010",3,8,2.28896062995091,5.71103937004909,FALSE,FALSE
"timesignatr","timesignatr","GSM1371787","BH010",3,8,0.0873392869983723,7.91266071300163,FALSE,FALSE
"timesignatr","timesignatr","GSM1371790","BH010",3,12,13.9480276905376,1.94802769053762,FALSE,FALSE
"timesignatr","timesignatr","GSM1371801","BH008",3,20,16.4711619622054,3.52883803779461,FALSE,FALSE
"timesignatr","timesignatr","GSM1371807","BH010",3,12,12.2251240405971,0.225124040597093,FALSE,FALSE
"timesignatr","timesignatr","GSM1371811","BH008",3,16,14.8534544727404,1.14654552725962,FALSE,FALSE
"timesignatr","timesignatr","GSM1371825","BH008",3,8,8.76303087131206,0.763030871312058,FALSE,FALSE
"timesignatr","timesignatr","GSM1371828","BH008",3,4,6.06915395961146,2.06915395961146,FALSE,FALSE
"timesignatr","timesignatr","GSM1371834","BH009",3,20,21.5306679447862,1.53066794478619,FALSE,FALSE
"timesignatr","timesignatr","GSM1371587","BH015",4,12,13.2975759594061,1.29757595940611,FALSE,FALSE
"timesignatr","timesignatr","GSM1371588","BH005",4,4,2.55445140152539,1.44554859847461,FALSE,FALSE
"timesignatr","timesignatr","GSM1371590","BH005",4,20,20.7241982174293,0.724198217429294,FALSE,FALSE
"timesignatr","timesignatr","GSM1371591","BH005",4,16,16.9386540912601,0.938654091260066,FALSE,FALSE
"timesignatr","timesignatr","GSM1371594","BH005",4,8,7.18234405428749,0.817655945712506,FALSE,FALSE
"timesignatr","timesignatr","GSM1371596","BH005",4,0,1.14598207391218,1.14598207391218,FALSE,FALSE
"timesignatr","timesignatr","GSM1371598","BH005",4,8,3.66576440501202,4.33423559498798,FALSE,FALSE
"timesignatr","timesignatr","GSM1371601","BH005",4,20,20.5300594699901,0.530059469990086,FALSE,FALSE
"timesignatr","timesignatr","GSM1371602","BH005",4,16,22.483709346189,6.48370934618898,FALSE,FALSE
"timesignatr","timesignatr","GSM1371607","BH005",4,12,17.0178540101748,5.01785401017482,FALSE,FALSE
"timesignatr","timesignatr","GSM1371695","BH015",4,20,19.440550871493,0.559449128506998,FALSE,FALSE
"timesignatr","timesignatr","GSM1371696","BH015",4,4,6.37760677807039,2.37760677807039,FALSE,FALSE
"timesignatr","timesignatr","GSM1371699","BH015",4,16,13.8814986988072,2.1185013011928,FALSE,FALSE
"timesignatr","timesignatr","GSM1371701","BH005",4,12,13.7534976158712,1.7534976158712,FALSE,FALSE
"timesignatr","timesignatr","GSM1371714","BH015",4,16,14.7041047804052,1.29589521959477,FALSE,FALSE
"timesignatr","timesignatr","GSM1371718","BH015",4,12,12.6378026160866,0.637802616086645,FALSE,FALSE
"timesignatr","timesignatr","GSM1371719","BH015",4,8,9.67852268218141,1.67852268218141,FALSE,FALSE
"timesignatr","timesignatr","GSM1371722","BH015",4,0,2.34811856777556,2.34811856777556,FALSE,FALSE
"timesignatr","timesignatr","GSM1371724","BH015",4,20,17.9163992532907,2.08360074670927,FALSE,FALSE
"timesignatr","timesignatr","GSM1371741","BH006",4,8,8.47905623883605,0.479056238836046,FALSE,FALSE
"timesignatr","timesignatr","GSM1371754","BH006",4,0,20.9770908623446,3.0229091376554,FALSE,FALSE
"timesignatr","timesignatr","GSM1371772","BH015",4,8,8.17503507348345,0.175035073483452,FALSE,FALSE
"timesignatr","timesignatr","GSM1371780","BH006",4,12,11.530695855379,0.46930414462101,FALSE,FALSE
"timesignatr","timesignatr","GSM1371786","BH006",4,16,13.2054821313799,2.79451786862006,FALSE,FALSE
"timesignatr","timesignatr","GSM1371793","BH006",4,16,14.3225365452242,1.67746345477579,FALSE,FALSE
"timesignatr","timesignatr","GSM1371797","BH006",4,4,4.14672557542264,0.146725575422645,FALSE,FALSE
"timesignatr","timesignatr","GSM1371798","BH006",4,20,17.0648593726049,2.93514062739509,FALSE,FALSE
"timesignatr","timesignatr","GSM1371809","BH006",4,8,8.59270768075973,0.592707680759732,FALSE,FALSE
"timesignatr","timesignatr","GSM1371643","BH026",5,20,14.5148117711647,5.48518822883531,FALSE,FALSE
"timesignatr","timesignatr","GSM1371648","BH026",5,16,17.9538611582064,1.95386115820635,FALSE,FALSE
"timesignatr","timesignatr","GSM1371672","BH026",5,8,9.68128870864347,1.68128870864347,FALSE,FALSE
"timesignatr","timesignatr","GSM1371682","BH026",5,12,13.5464182554887,1.54641825548866,FALSE,FALSE
"timesignatr","timesignatr","GSM1371688","BH026",5,12,14.4395785149514,2.43957851495136,FALSE,FALSE
"timesignatr","timesignatr","GSM1371703","BH003",5,20,20.5679674102016,0.567967410201614,FALSE,FALSE
"timesignatr","timesignatr","GSM1371706","BH026",5,20,17.3849200202074,2.61507997979259,FALSE,FALSE
"timesignatr","timesignatr","GSM1371723","BH026",5,0,20.9150400495022,3.08495995049782,FALSE,FALSE
"timesignatr","timesignatr","GSM1371725","BH003",5,16,15.351588281512,0.648411718488012,FALSE,FALSE
"timesignatr","timesignatr","GSM1371731","BH026",5,8,10.8564606969854,2.85646069698545,FALSE,FALSE
"timesignatr","timesignatr","GSM1371758","BH003",5,0,23.0539031892234,0.946096810776623,FALSE,FALSE
"timesignatr","timesignatr","GSM1371762","BH003",5,8,6.78629152735781,1.21370847264219,FALSE,FALSE
"timesignatr","timesignatr","GSM1371764","BH003",5,12,12.6150514936205,0.615051493620545,FALSE,FALSE
"timesignatr","timesignatr","GSM1371776","BH003",5,20,18.2470588347742,1.7529411652258,FALSE,FALSE
"timesignatr","timesignatr","GSM1371777","BH003",5,16,14.3743886920412,1.62561130795882,FALSE,FALSE
"timesignatr","timesignatr","GSM1371796","BH026",5,16,16.2909470027255,0.290947002725471,FALSE,FALSE
"timesignatr","timesignatr","GSM1371821","BH003",5,8,8.43489175603413,0.434891756034126,FALSE,FALSE
