"tissue","engine","mae_all_available","n_all_available","mae_complete_case","n_complete_case"
"Adr","taufisher",0.65,20,0.65,20
"Adr","timesignatr",1.03430777063231,24,0.924670876127792,20
"Adr","timetable",0.715277777777778,24,0.695833333333334,20
"Adr","zeitzeiger",1.00148821363,24,0.965815856157917,20
"Aor","taufisher",0.45,20,0.45,20
"Aor","timesignatr",0.840665629876549,24,0.845804847966615,20
"Aor","timetable",0.663194444444444,24,0.583333333333333,20
"Aor","zeitzeiger",0.749542893277861,24,0.730339558042721,20
"BFat","taufisher",0.55,20,0.55,20
"BFat","timesignatr",0.546631037294439,24,0.555985641566306,20
"BFat","timetable",0.517361111111111,24,0.520833333333333,20
"BFat","zeitzeiger",0.79371558967895,24,0.847838276727207,20
"Bstm","taufisher",1.3,20,1.3,20
"Bstm","timesignatr",0.853273999818068,24,0.919894378834885,20
"Bstm","timetable",0.743055555555555,24,0.775,20
"Bstm","zeitzeiger",1.11470532473197,24,1.14648292571817,20
"Cer","taufisher",1.05,20,1.05,20
"Cer","timesignatr",0.990267666798325,24,0.845706001672076,20
"Cer","timetable",0.895833333333333,24,0.6875,20
"Cer","zeitzeiger",0.965769037537578,24,0.93061945174507,20
"Hrt","taufisher",0.95,20,0.95,20
"Hrt","timesignatr",0.833585590303089,24,0.769894167647279,20
"Hrt","timetable",0.756944444444445,24,0.720833333333333,20
"Hrt","zeitzeiger",1.107457085707,24,1.05022058534584,20
"Hyp","taufisher",2.15,20,2.15,20
"Hyp","timesignatr",0.910705759480251,24,0.851709876605159,20
"Hyp","timetable",0.979166666666666,24,0.908333333333333,20
"Hyp","zeitzeiger",1.04900603101531,24,1.04905232349048,20
"Kid","taufisher",0.9,20,0.9,20
"Kid","timesignatr",0.519117393818613,24,0.486063260568379,20
"Kid","timetable",0.583333333333333,24,0.566666666666667,20
"Kid","zeitzeiger",0.835392362825907,24,0.838805651647465,20
"Liv","taufisher",0.9,20,0.9,20
"Liv","timesignatr",0.931300192152278,24,0.951657737265543,20
"Liv","timetable",0.975694444444444,24,0.95,20
"Liv","zeitzeiger",1.6803013992832,24,1.36071075281749,20
"Lun","taufisher",0.6,20,0.6,20
"Lun","timesignatr",0.491603527980271,24,0.423932132673851,20
"Lun","timetable",0.600694444444444,24,0.570833333333333,20
"Lun","zeitzeiger",0.562291691341696,24,0.469238429801043,20
"Mus","taufisher",0.65,20,0.65,20
"Mus","timesignatr",1.30366152595032,24,1.00877180335034,20
"Mus","timetable",0.611111111111111,24,0.645833333333333,20
"Mus","zeitzeiger",1.54533034163042,24,1.27386438011496,20
"WFat","taufisher",0.65,20,0.65,20
"WFat","timesignatr",0.620892677545836,24,0.59096717632581,20
"WFat","timetable",0.743055555555556,24,0.754166666666667,20
"WFat","zeitzeiger",0.994268317313687,24,0.99723339934954,20
